TEAM,MATCH UP,GAME DATE,W/L,MIN,PTS,FGM,FGA,FG%,3PM,3PA,3P%,FTM,FTA,FT%,OREB,DREB,REB,AST,STL,BLK,TOV,PF,+/-
LAL,LAL @ NOP,05/16/2021,W,240,110,45,96,46.9,11,35,31.4,9,15,60,8,34,42,30,14,5,10,16,12
LAL,LAL @ IND,05/15/2021,W,240,122,41,86,47.7,11,29,37.9,29,36,80.6,11,34,45,25,5,3,13,15,7
LAL,LAL vs. HOU,05/12/2021,W,240,124,52,91,57.1,7,20,35,13,22,59.1,8,33,41,28,8,3,11,20,2
LAL,LAL vs. NYK,05/11/2021,W,265,101,37,89,41.6,12,28,42.9,15,19,78.9,14,39,53,31,5,5,20,17,2
LAL,LAL vs. PHX,05/09/2021,W,240,123,39,80,48.8,13,30,43.3,32,41,78,14,27,41,24,11,3,14,21,13
LAL,LAL @ POR,05/07/2021,L,240,101,37,89,41.6,11,30,36.7,16,22,72.7,10,39,49,19,2,4,14,20,-5
LAL,LAL @ LAC,05/06/2021,L,240,94,33,87,37.9,10,36,27.8,18,29,62.1,11,23,34,21,8,6,11,23,-24
LAL,LAL vs. DEN,05/03/2021,W,240,93,32,73,43.8,13,30,43.3,16,23,69.6,7,36,43,18,5,8,20,20,4
LAL,LAL vs. TOR,05/02/2021,L,240,114,41,85,48.2,11,29,37.9,21,31,67.7,7,37,44,32,7,6,14,22,-7
LAL,LAL vs. SAC,04/30/2021,L,240,106,42,83,50.6,7,28,25,15,21,71.4,11,32,43,24,9,12,21,17,-4
LAL,LAL @ WAS,04/28/2021,L,240,107,42,96,43.8,10,34,29.4,13,21,61.9,13,28,41,31,10,8,10,20,-9
LAL,LAL @ ORL,04/26/2021,W,240,114,47,87,54,11,31,35.5,9,14,64.3,9,35,44,23,8,5,12,18,11
LAL,LAL @ DAL,04/24/2021,L,240,93,33,86,38.4,12,45,26.7,15,19,78.9,6,30,36,22,11,4,9,22,-15
LAL,LAL @ DAL,04/22/2021,L,240,110,43,90,47.8,10,30,33.3,14,17,82.4,12,33,45,26,7,5,16,28,-5
LAL,LAL vs. UTA,04/19/2021,L,240,97,34,79,43,12,28,42.9,17,25,68,5,27,32,17,10,1,10,14,-14
LAL,LAL vs. UTA,04/17/2021,W,265,127,48,93,51.6,11,33,33.3,20,23,87,11,41,52,26,8,8,15,14,12
LAL,LAL vs. BOS,04/15/2021,L,240,113,44,98,44.9,12,37,32.4,13,19,68.4,11,25,36,28,12,2,8,16,-8
LAL,LAL @ CHA,04/13/2021,W,240,101,34,82,41.5,16,44,36.4,17,18,94.4,8,30,38,24,9,2,11,18,8
LAL,LAL @ NYK,04/12/2021,L,240,96,35,80,43.8,12,36,33.3,14,18,77.8,4,29,33,22,5,7,25,21,-15
LAL,LAL @ BKN,04/10/2021,W,240,126,47,93,50.5,19,34,55.9,13,20,65,12,35,47,30,12,4,15,24,25
LAL,LAL @ MIA,04/08/2021,L,240,104,35,79,44.3,12,35,34.3,22,25,88,10,30,40,26,9,3,22,24,-6
LAL,LAL @ TOR,04/06/2021,W,240,110,39,79,49.4,18,40,45,14,22,63.6,11,38,49,29,8,7,22,24,9
LAL,LAL @ LAC,04/04/2021,L,240,86,32,80,40,7,23,30.4,15,20,75,7,29,36,16,9,7,19,11,-18
LAL,LAL @ SAC,04/02/2021,W,240,115,43,91,47.3,17,33,51.5,12,20,60,13,42,55,26,10,2,17,19,21
LAL,LAL vs. MIL,03/31/2021,L,240,97,35,87,40.2,10,36,27.8,17,22,77.3,11,29,40,22,9,5,22,22,-15
LAL,LAL vs. ORL,03/28/2021,W,240,96,34,82,41.5,11,40,27.5,17,23,73.9,8,44,52,25,9,5,12,17,3
LAL,LAL vs. CLE,03/26/2021,W,240,100,38,78,48.7,6,26,23.1,18,25,72,9,36,45,23,15,3,23,23,14
LAL,LAL vs. PHI,03/25/2021,L,240,101,34,78,43.6,9,26,34.6,24,33,72.7,7,35,42,22,10,0,22,19,-8
LAL,LAL @ NOP,03/23/2021,L,240,111,36,85,42.4,18,37,48.6,21,30,70,6,28,34,25,10,4,13,17,-17
LAL,LAL @ PHX,03/21/2021,L,240,94,35,85,41.2,5,25,20,19,28,67.9,7,34,41,20,3,2,11,18,-17
LAL,LAL vs. ATL,03/20/2021,L,240,94,34,81,42,8,26,30.8,18,24,75,13,39,52,18,6,3,16,16,-5
LAL,LAL vs. CHA,03/18/2021,W,240,116,44,92,47.8,13,39,33.3,15,20,75,11,37,48,23,7,6,11,19,11
LAL,LAL vs. MIN,03/16/2021,W,240,137,50,87,57.5,13,26,50,24,28,85.7,10,33,43,37,3,3,14,16,16
LAL,LAL @ GSW,03/15/2021,W,240,128,49,78,62.8,11,27,40.7,19,25,76,7,39,46,36,9,3,19,25,31
LAL,LAL vs. IND,03/12/2021,W,240,105,34,76,44.7,7,22,31.8,30,39,76.9,6,38,44,20,10,5,15,20,5
LAL,LAL @ SAC,03/03/2021,L,240,120,49,93,52.7,12,27,44.4,10,14,71.4,15,26,41,27,7,3,12,19,-3
LAL,LAL vs. PHX,03/02/2021,L,240,104,40,79,50.6,11,31,35.5,13,17,76.5,5,29,34,18,6,8,12,23,-10
LAL,LAL vs. GSW,02/28/2021,W,240,117,40,85,47.1,11,31,35.5,26,38,68.4,14,46,60,22,14,6,20,21,26
LAL,LAL vs. POR,02/26/2021,W,240,102,37,88,42,7,27,25.9,21,28,75,15,37,52,25,9,7,10,23,9
LAL,LAL @ UTA,02/24/2021,L,240,89,34,85,40,8,33,24.2,13,20,65,12,33,45,17,5,4,14,15,-25
LAL,LAL vs. WAS,02/22/2021,L,265,124,49,104,47.1,15,44,34.1,11,17,64.7,12,33,45,29,9,11,20,29,-3
LAL,LAL vs. MIA,02/20/2021,L,240,94,33,84,39.3,13,45,28.9,15,17,88.2,6,37,43,25,5,6,15,17,-2
LAL,LAL vs. BKN,02/18/2021,L,240,98,40,83,48.2,8,30,26.7,10,14,71.4,10,29,39,21,7,4,16,16,-11
LAL,LAL @ MIN,02/16/2021,W,240,112,42,77,54.5,11,26,42.3,17,21,81,6,32,38,20,8,8,18,14,8
LAL,LAL @ DEN,02/14/2021,L,240,105,40,87,46,6,28,21.4,19,29,65.5,8,38,46,27,4,4,10,26,-17
LAL,LAL vs. MEM,02/12/2021,W,240,115,43,85,50.6,6,30,20,23,33,69.7,13,34,47,26,9,4,18,16,10
LAL,LAL vs. OKC,02/10/2021,W,265,114,42,89,47.2,10,35,28.6,20,24,83.3,6,37,43,22,6,6,17,15,1
LAL,LAL vs. OKC,02/08/2021,W,265,119,44,95,46.3,9,38,23.7,22,29,75.9,10,49,59,28,7,12,15,19,7
LAL,LAL vs. DET,02/06/2021,W,290,135,51,91,56,9,19,47.4,24,28,85.7,9,32,41,32,12,5,24,24,6
LAL,LAL vs. DEN,02/04/2021,W,240,114,46,81,56.8,8,24,33.3,14,22,63.6,8,32,40,29,10,7,16,19,21
LAL,LAL @ ATL,02/01/2021,W,240,107,40,77,51.9,7,23,30.4,20,24,83.3,4,27,31,24,10,7,13,20,8
LAL,LAL @ BOS,01/30/2021,W,240,96,37,84,44,9,31,29,13,19,68.4,13,32,45,20,8,4,14,15,1
LAL,LAL @ DET,01/28/2021,L,240,92,36,88,40.9,12,28,42.9,8,12,66.7,12,32,44,25,2,3,11,16,-15
LAL,LAL @ PHI,01/27/2021,L,240,106,41,86,47.7,8,24,33.3,16,25,64,6,31,37,20,5,2,12,20,-1
LAL,LAL @ CLE,01/25/2021,W,240,115,42,87,48.3,10,32,31.3,21,28,75,15,25,40,21,7,7,14,23,7
LAL,LAL @ CHI,01/23/2021,W,240,101,36,79,45.6,4,19,21.1,25,31,80.6,5,37,42,20,7,4,19,18,11
LAL,LAL @ MIL,01/21/2021,W,240,113,41,88,46.6,19,37,51.4,12,15,80,6,32,38,25,8,8,10,14,7
LAL,LAL vs. GSW,01/18/2021,L,240,113,40,83,48.2,9,29,31,24,33,72.7,12,38,50,23,6,5,19,22,-2
LAL,LAL vs. NOP,01/15/2021,W,240,112,39,93,41.9,15,37,40.5,19,26,73.1,13,31,44,31,11,6,8,16,17
LAL,LAL @ OKC,01/13/2021,W,240,128,47,95,49.5,17,37,45.9,17,22,77.3,12,38,50,26,6,6,10,16,29
LAL,LAL @ HOU,01/12/2021,W,240,117,42,84,50,14,32,43.8,19,27,70.4,11,44,55,26,10,12,21,18,17
LAL,LAL @ HOU,01/10/2021,W,240,120,46,91,50.5,10,29,34.5,18,24,75,10,39,49,28,13,8,17,23,18
LAL,LAL vs. CHI,01/08/2021,W,240,117,41,81,50.6,12,29,41.4,23,27,85.2,10,32,42,21,3,8,15,15,2
LAL,LAL vs. SAS,01/07/2021,L,240,109,43,86,50,10,30,33.3,13,21,61.9,9,39,48,21,2,4,13,20,-9
LAL,LAL @ MEM,01/05/2021,W,240,94,38,87,43.7,9,31,29,9,11,81.8,9,43,52,24,7,8,17,14,2
LAL,LAL @ MEM,01/03/2021,W,240,108,41,89,46.1,12,35,34.3,14,19,73.7,12,37,49,24,9,5,10,15,14
LAL,LAL @ SAS,01/01/2021,W,240,109,41,101,40.6,14,33,42.4,13,16,81.3,16,42,58,27,8,7,13,20,6
LAL,LAL @ SAS,12/30/2020,W,240,121,46,82,56.1,14,26,53.8,15,20,75,7,40,47,25,4,3,17,24,14
LAL,LAL vs. POR,12/28/2020,L,240,107,41,87,47.1,10,27,37,15,18,83.3,6,35,41,20,6,5,15,14,-8
LAL,LAL vs. MIN,12/27/2020,W,240,127,50,90,55.6,13,35,37.1,14,18,77.8,5,41,46,32,6,14,17,19,36
LAL,LAL vs. DAL,12/25/2020,W,240,138,51,91,56,19,39,48.7,17,24,70.8,17,36,53,33,9,4,17,23,23
LAL,LAL vs. LAC,12/22/2020,L,240,109,38,81,46.9,9,29,31,24,31,77.4,8,37,45,22,4,2,19,20,-7
LAL,LAL vs. SAC,08/13/2020,L,240,122,48,98,49,15,35,42.9,11,15,73.3,15,32,47,29,6,1,17,18,-14
LAL,LAL vs. DEN,08/10/2020,W,240,124,44,81,54.3,14,29,48.3,22,32,68.8,14,18,32,28,8,4,10,18,3
LAL,LAL @ IND,08/08/2020,L,240,111,42,100,42,13,39,33.3,14,19,73.7,15,29,44,20,13,6,15,16,-5
LAL,LAL @ HOU,08/06/2020,L,240,97,35,77,45.5,2,19,10.5,25,36,69.4,12,36,48,18,11,6,25,20,-16
LAL,LAL vs. OKC,08/05/2020,L,240,86,31,88,35.2,5,37,13.5,19,29,65.5,10,36,46,17,7,3,11,24,-19
LAL,LAL @ UTA,08/03/2020,W,240,116,41,82,50,9,26,34.6,25,31,80.6,4,34,38,23,12,3,14,24,8
LAL,LAL @ TOR,08/01/2020,L,240,92,29,82,35.4,10,40,25,24,33,72.7,8,32,40,17,8,12,18,25,-15
LAL,LAL vs. LAC,07/30/2020,W,240,103,32,82,39,11,36,30.6,28,37,75.7,11,34,45,21,6,3,16,27,2
LAL,LAL vs. BKN,03/10/2020,L,240,102,40,87,46,15,40,37.5,7,12,58.3,8,38,46,24,7,4,15,22,-2
LAL,LAL @ LAC,03/08/2020,W,240,112,39,87,44.8,10,35,28.6,24,28,85.7,9,36,45,22,8,7,14,28,9
LAL,LAL vs. MIL,03/06/2020,W,240,113,38,91,41.8,6,32,18.8,31,38,81.6,10,42,52,19,11,4,16,27,10
LAL,LAL vs. PHI,03/03/2020,W,240,120,46,86,53.5,13,33,39.4,15,18,83.3,10,33,43,25,9,6,13,18,13
LAL,LAL @ NOP,03/01/2020,W,240,122,50,97,51.5,13,35,37.1,9,10,90,6,30,36,23,9,10,13,26,8
LAL,LAL @ MEM,02/29/2020,L,240,88,36,87,41.4,9,35,25.7,7,12,58.3,13,32,45,26,5,3,16,13,-17
LAL,LAL @ GSW,02/27/2020,W,240,116,45,88,51.1,8,24,33.3,18,27,66.7,8,36,44,24,13,5,17,17,30
LAL,LAL vs. NOP,02/25/2020,W,240,118,45,102,44.1,13,44,29.5,15,21,71.4,14,37,51,27,10,12,16,20,9
LAL,LAL vs. BOS,02/23/2020,W,240,114,39,86,45.3,11,34,32.4,25,37,67.6,11,35,46,20,9,4,13,22,2
LAL,LAL vs. MEM,02/21/2020,W,240,117,41,86,47.7,9,29,31,26,40,65,12,37,49,25,9,14,15,24,12
LAL,LAL @ DEN,02/12/2020,W,265,120,47,93,50.5,12,33,36.4,14,27,51.9,10,39,49,29,8,4,12,22,4
LAL,LAL vs. PHX,02/10/2020,W,240,125,47,91,51.6,14,37,37.8,17,25,68,16,43,59,28,8,4,16,22,25
LAL,LAL @ GSW,02/08/2020,W,240,125,43,82,52.4,14,29,48.3,25,34,73.5,12,35,47,29,11,2,24,22,5
LAL,LAL vs. HOU,02/06/2020,L,240,111,45,91,49.5,9,31,29,12,16,75,6,32,38,33,10,4,16,18,-10
LAL,LAL vs. SAS,02/04/2020,W,240,129,50,85,58.8,12,28,42.9,17,25,68,12,46,58,28,5,4,14,15,27
LAL,LAL @ SAC,02/01/2020,W,240,129,44,86,51.2,19,43,44.2,22,27,81.5,11,35,46,33,10,5,15,22,16
LAL,LAL vs. POR,01/31/2020,L,240,119,45,96,46.9,11,32,34.4,18,28,64.3,19,43,62,28,2,10,19,21,-8
LAL,LAL @ PHI,01/25/2020,L,240,91,35,76,46.1,6,31,19.4,15,23,65.2,6,29,35,23,12,1,22,18,-17
LAL,LAL @ BKN,01/23/2020,W,240,128,47,94,50,19,38,50,15,20,75,11,41,52,28,9,6,16,15,15
LAL,LAL @ NYK,01/22/2020,W,240,100,36,82,43.9,9,27,33.3,19,28,67.9,11,32,43,18,13,8,10,14,8
LAL,LAL @ BOS,01/20/2020,L,240,107,39,89,43.8,7,26,26.9,22,29,75.9,12,24,36,22,5,8,15,23,-32
LAL,LAL @ HOU,01/18/2020,W,240,124,45,93,48.4,11,33,33.3,23,32,71.9,15,34,49,25,13,9,17,27,9
LAL,LAL vs. ORL,01/15/2020,L,240,118,48,97,49.5,15,38,39.5,7,11,63.6,13,35,48,34,7,6,16,20,-1
LAL,LAL vs. CLE,01/13/2020,W,240,128,48,88,54.5,11,30,36.7,21,28,75,11,34,45,33,8,3,9,25,29
LAL,LAL @ OKC,01/11/2020,W,240,125,51,99,51.5,15,32,46.9,8,10,80,12,42,54,21,3,4,12,17,15
LAL,LAL @ DAL,01/10/2020,W,240,129,47,89,52.8,10,24,41.7,25,32,78.1,12,37,49,18,6,5,7,27,15
LAL,LAL vs. NYK,01/07/2020,W,240,117,41,82,50,17,36,47.2,18,21,85.7,6,42,48,27,11,11,19,19,30
LAL,LAL vs. DET,01/05/2020,W,240,106,42,92,45.7,6,20,30,16,23,69.6,11,39,50,23,8,20,13,22,7
LAL,LAL vs. NOP,01/03/2020,W,240,123,43,86,50,14,29,48.3,23,28,82.1,8,39,47,29,9,4,14,14,10
LAL,LAL vs. PHX,01/01/2020,W,240,117,43,90,47.8,7,28,25,24,34,70.6,13,32,45,25,9,5,13,17,10
LAL,LAL vs. DAL,12/29/2019,W,240,108,38,78,48.7,9,23,39.1,23,28,82.1,6,33,39,28,12,7,16,23,13
LAL,LAL @ POR,12/28/2019,W,240,128,47,91,51.6,11,32,34.4,23,28,82.1,11,33,44,32,6,7,11,25,8
LAL,LAL vs. LAC,12/25/2019,L,240,106,39,96,40.6,12,45,26.7,16,21,76.2,12,30,42,24,11,10,13,23,-5
LAL,LAL vs. DEN,12/22/2019,L,240,104,39,83,47,10,29,34.5,16,22,72.7,18,27,45,18,7,9,19,25,-24
LAL,LAL @ MIL,12/19/2019,L,240,104,37,80,46.3,12,35,34.3,18,23,78.3,7,31,38,24,4,6,19,24,-7
LAL,LAL @ IND,12/17/2019,L,240,102,43,91,47.3,8,31,25.8,8,17,47.1,14,28,42,28,5,6,13,19,-3
LAL,LAL @ ATL,12/15/2019,W,240,101,36,84,42.9,5,31,16.1,24,33,72.7,13,43,56,21,14,9,22,24,5
LAL,LAL @ MIA,12/13/2019,W,240,113,43,87,49.4,12,37,32.4,15,23,65.2,14,36,50,26,5,9,19,23,3
LAL,LAL @ ORL,12/11/2019,W,240,96,37,87,42.5,12,31,38.7,10,19,52.6,12,37,49,20,10,4,14,17,9
LAL,LAL vs. MIN,12/08/2019,W,240,142,55,94,58.5,14,31,45.2,18,20,90,10,31,41,32,9,1,11,19,17
LAL,LAL @ POR,12/06/2019,W,240,136,46,85,54.1,17,36,47.2,27,33,81.8,3,42,45,26,10,8,19,23,23
LAL,LAL @ UTA,12/04/2019,W,240,121,46,90,51.1,14,29,48.3,15,25,60,8,38,46,27,13,12,8,17,25
LAL,LAL @ DEN,12/03/2019,W,240,105,39,84,46.4,7,24,29.2,20,30,66.7,14,42,56,24,8,5,16,23,9
LAL,LAL vs. DAL,12/01/2019,L,240,100,40,87,46,7,27,25.9,13,16,81.3,9,36,45,25,9,3,17,14,-14
LAL,LAL vs. WAS,11/29/2019,W,240,125,45,87,51.7,14,32,43.8,21,28,75,7,40,47,29,9,8,19,20,22
LAL,LAL @ NOP,11/27/2019,W,240,114,44,85,51.8,8,24,33.3,18,25,72,7,30,37,25,9,6,16,24,4
LAL,LAL @ SAS,11/25/2019,W,240,114,44,89,49.4,14,33,42.4,12,18,66.7,10,30,40,28,7,6,9,18,10
LAL,LAL @ MEM,11/23/2019,W,240,109,38,84,45.2,13,39,33.3,20,29,69,11,29,40,19,12,7,16,14,1
LAL,LAL @ OKC,11/22/2019,W,240,130,45,88,51.1,17,31,54.8,23,29,79.3,11,34,45,32,7,6,16,20,3
LAL,LAL vs. OKC,11/19/2019,W,240,112,43,89,48.3,14,31,45.2,12,19,63.2,14,32,46,29,9,8,16,20,5
LAL,LAL vs. ATL,11/17/2019,W,240,122,47,89,52.8,15,35,42.9,13,16,81.3,10,32,42,26,10,14,17,19,21
LAL,LAL vs. SAC,11/15/2019,W,240,99,34,81,42,11,37,29.7,20,22,90.9,10,31,41,22,11,6,13,18,2
LAL,LAL vs. GSW,11/13/2019,W,240,120,48,89,53.9,9,20,45,15,18,83.3,13,38,51,31,8,6,19,18,26
LAL,LAL @ PHX,11/12/2019,W,240,123,51,95,53.7,10,25,40,11,21,52.4,8,36,44,39,4,4,10,21,8
LAL,LAL vs. TOR,11/10/2019,L,240,104,41,94,43.6,10,30,33.3,12,19,63.2,13,38,51,31,6,7,12,20,-9
LAL,LAL vs. MIA,11/08/2019,W,240,95,40,89,44.9,8,32,25,7,8,87.5,10,38,48,30,6,5,18,24,15
LAL,LAL @ CHI,11/05/2019,W,240,118,45,92,48.9,11,33,33.3,17,24,70.8,12,37,49,26,10,10,16,18,6
LAL,LAL @ SAS,11/03/2019,W,240,103,42,87,48.3,6,24,25,13,19,68.4,7,39,46,21,8,10,18,22,7
LAL,LAL @ DAL,11/01/2019,W,265,119,47,96,49,9,32,28.1,16,21,76.2,6,35,41,24,11,7,11,21,9
LAL,LAL vs. MEM,10/29/2019,W,240,120,40,86,46.5,7,26,26.9,33,39,84.6,10,44,54,25,9,8,18,19,29
LAL,LAL vs. CHA,10/27/2019,W,240,120,49,93,52.7,11,31,35.5,11,14,78.6,10,37,47,30,7,8,14,22,19
LAL,LAL vs. UTA,10/25/2019,W,240,95,34,86,39.5,8,26,30.8,19,24,79.2,11,31,42,19,14,9,14,21,9
LAL,LAL @ LAC,10/22/2019,L,240,102,37,85,43.5,13,33,39.4,15,21,71.4,9,32,41,20,4,7,15,24,-10
LAL,LAL vs. POR,04/09/2019,L,240,101,40,94,42.6,10,29,34.5,11,17,64.7,17,34,51,29,6,6,17,19,-3
LAL,LAL vs. UTA,04/07/2019,W,240,113,46,89,51.7,7,25,28,14,21,66.7,16,33,49,28,5,5,17,21,4
LAL,LAL @ LAC,04/05/2019,W,240,122,43,96,44.8,14,32,43.8,22,27,81.5,14,41,55,28,8,10,14,24,5
LAL,LAL vs. GSW,04/04/2019,L,240,90,37,104,35.6,8,37,21.6,8,14,57.1,18,44,62,25,10,7,18,10,-18
LAL,LAL @ OKC,04/02/2019,L,240,103,40,84,47.6,16,39,41,7,10,70,4,35,39,26,7,2,23,25,-16
LAL,LAL @ NOP,03/31/2019,W,240,130,48,101,47.5,15,38,39.5,19,22,86.4,11,35,46,30,16,5,11,20,28
LAL,LAL vs. CHA,03/29/2019,W,240,129,51,91,56,18,38,47.4,9,12,75,11,33,44,34,8,2,14,17,14
LAL,LAL @ UTA,03/27/2019,L,240,100,37,97,38.1,9,27,33.3,17,24,70.8,8,32,40,21,9,5,6,23,-15
LAL,LAL vs. WAS,03/26/2019,W,240,124,48,89,53.9,11,33,33.3,17,23,73.9,13,39,52,37,9,5,19,21,18
LAL,LAL vs. SAC,03/24/2019,W,240,111,39,85,45.9,13,40,32.5,20,24,83.3,9,47,56,29,4,8,22,22,5
LAL,LAL vs. BKN,03/22/2019,L,240,106,37,96,38.5,9,36,25,23,32,71.9,19,40,59,21,8,9,16,26,-5
LAL,LAL @ MIL,03/19/2019,L,240,101,33,86,38.4,16,43,37.2,19,23,82.6,8,34,42,20,9,5,19,18,-14
LAL,LAL @ NYK,03/17/2019,L,240,123,47,97,48.5,7,27,25.9,22,28,78.6,15,20,35,26,12,5,10,21,-1
LAL,LAL @ DET,03/15/2019,L,240,97,36,86,41.9,6,25,24,19,26,73.1,11,36,47,24,9,4,14,26,-14
LAL,LAL @ TOR,03/14/2019,L,240,98,38,85,44.7,7,31,22.6,15,24,62.5,6,40,46,24,11,3,21,21,-13
LAL,LAL @ CHI,03/12/2019,W,240,123,47,86,54.7,13,33,39.4,16,20,80,5,36,41,23,11,5,14,14,16
LAL,LAL vs. BOS,03/09/2019,L,240,107,44,91,48.4,5,27,18.5,14,18,77.8,8,35,43,28,4,4,12,16,-13
LAL,LAL vs. DEN,03/06/2019,L,240,99,40,84,47.6,7,31,22.6,12,23,52.2,5,36,41,26,5,4,12,22,-16
LAL,LAL vs. LAC,03/04/2019,L,240,105,38,91,41.8,10,38,26.3,19,24,79.2,7,33,40,22,2,6,12,21,-8
LAL,LAL @ PHX,03/02/2019,L,240,109,43,89,48.3,8,25,32,15,23,65.2,10,30,40,27,3,3,12,24,-9
LAL,LAL vs. MIL,03/01/2019,L,240,120,46,96,47.9,13,40,32.5,15,18,83.3,8,32,40,29,4,4,9,21,-11
LAL,LAL vs. NOP,02/27/2019,W,240,125,49,94,52.1,8,25,32,19,31,61.3,6,33,39,37,7,8,8,22,6
LAL,LAL @ MEM,02/25/2019,L,240,105,40,89,44.9,10,27,37,15,20,75,10,36,46,25,8,5,17,28,-5
LAL,LAL @ NOP,02/23/2019,L,240,115,44,81,54.3,10,29,34.5,17,26,65.4,6,33,39,33,10,3,23,21,-13
LAL,LAL vs. HOU,02/21/2019,W,240,111,38,86,44.2,8,30,26.7,27,33,81.8,12,37,49,22,4,4,18,17,5
LAL,LAL @ ATL,02/12/2019,L,240,113,41,95,43.2,14,40,35,17,25,68,10,34,44,25,10,6,17,24,-4
LAL,LAL @ PHI,02/10/2019,L,240,120,48,93,51.6,10,27,37,14,19,73.7,9,34,43,31,3,4,16,21,-23
LAL,LAL @ BOS,02/07/2019,W,240,129,50,97,51.5,22,41,53.7,7,18,38.9,10,33,43,35,5,6,8,19,1
LAL,LAL @ IND,02/05/2019,L,240,94,35,75,46.7,4,21,19,20,26,76.9,3,31,34,25,5,3,19,14,-42
LAL,LAL @ GSW,02/02/2019,L,240,101,42,96,43.8,7,27,25.9,10,17,58.8,13,36,49,23,5,4,15,18,-14
LAL,LAL @ LAC,01/31/2019,W,265,123,42,92,45.7,11,26,42.3,28,35,80,7,49,56,28,7,4,16,24,3
LAL,LAL vs. PHI,01/29/2019,L,240,105,43,92,46.7,7,23,30.4,12,16,75,14,35,49,26,7,4,21,20,-16
LAL,LAL vs. PHX,01/27/2019,W,240,116,47,89,52.8,10,23,43.5,12,18,66.7,14,27,41,28,8,10,18,30,14
LAL,LAL vs. MIN,01/24/2019,L,240,105,44,87,50.6,8,28,28.6,9,14,64.3,9,30,39,28,5,5,20,23,-15
LAL,LAL vs. GSW,01/21/2019,L,240,111,42,84,50,5,20,25,22,38,57.9,7,35,42,20,1,4,15,19,-19
LAL,LAL @ HOU,01/19/2019,L,265,134,50,96,52.1,10,37,27,24,30,80,13,43,56,27,6,4,16,27,-4
LAL,LAL @ OKC,01/17/2019,W,265,138,50,99,50.5,19,40,47.5,19,21,90.5,14,49,63,37,11,5,24,24,10
LAL,LAL vs. CHI,01/15/2019,W,240,107,38,82,46.3,8,26,30.8,23,34,67.6,13,38,51,21,7,4,17,18,7
LAL,LAL vs. CLE,01/13/2019,L,240,95,36,91,39.6,7,34,20.6,16,27,59.3,13,38,51,21,4,5,11,22,-6
LAL,LAL @ UTA,01/11/2019,L,240,95,37,103,35.9,5,27,18.5,16,24,66.7,16,39,55,14,9,5,13,23,-18
LAL,LAL vs. DET,01/09/2019,W,240,113,46,82,56.1,8,23,34.8,13,18,72.2,9,38,47,30,5,6,15,17,13
LAL,LAL @ DAL,01/07/2019,W,240,107,41,94,43.6,8,29,27.6,17,27,63,11,33,44,28,12,2,14,20,10
LAL,LAL @ MIN,01/06/2019,L,240,86,32,87,36.8,5,22,22.7,17,28,60.7,12,36,48,20,6,4,21,20,-22
LAL,LAL vs. NYK,01/04/2019,L,240,112,43,98,43.9,11,37,29.7,15,20,75,12,43,55,23,4,7,17,27,-7
LAL,LAL vs. OKC,01/02/2019,L,240,100,37,89,41.6,7,27,25.9,19,32,59.4,8,46,54,24,8,9,17,26,-7
LAL,LAL vs. SAC,12/30/2018,W,240,121,47,98,48,15,44,34.1,12,20,60,12,38,50,30,7,5,14,17,7
LAL,LAL vs. LAC,12/28/2018,L,240,107,36,87,41.4,11,30,36.7,24,35,68.6,8,42,50,23,5,2,17,22,-11
LAL,LAL @ SAC,12/27/2018,L,240,116,45,88,51.1,10,25,40,16,23,69.6,9,37,46,25,7,5,18,19,-1
LAL,LAL @ GSW,12/25/2018,W,240,127,47,85,55.3,13,33,39.4,20,27,74.1,6,43,49,27,5,3,12,20,26
LAL,LAL vs. MEM,12/23/2018,L,240,99,37,75,49.3,10,30,33.3,15,22,68.2,6,35,41,27,6,8,16,16,-8
LAL,LAL vs. NOP,12/21/2018,W,240,112,43,92,46.7,8,32,25,18,25,72,8,40,48,28,7,4,13,17,8
LAL,LAL @ BKN,12/18/2018,L,240,110,42,90,46.7,13,40,32.5,13,23,56.5,8,40,48,21,6,4,14,19,-5
LAL,LAL @ WAS,12/16/2018,L,240,110,44,91,48.4,11,36,30.6,11,18,61.1,8,35,43,24,10,6,22,13,-18
LAL,LAL @ CHA,12/15/2018,W,240,128,49,92,53.3,14,34,41.2,16,24,66.7,10,42,52,34,12,6,16,20,28
LAL,LAL @ HOU,12/13/2018,L,240,111,43,80,53.8,10,32,31.3,15,27,55.6,7,24,31,23,9,5,13,21,-15
LAL,LAL vs. MIA,12/10/2018,W,240,108,41,90,45.6,14,32,43.8,12,20,60,12,34,46,24,9,7,12,10,3
LAL,LAL @ MEM,12/08/2018,W,240,111,43,97,44.3,16,40,40,9,12,75,19,38,57,27,11,6,18,22,23
LAL,LAL @ SAS,12/07/2018,L,240,120,46,100,46,11,36,30.6,17,21,81,10,33,43,24,8,1,9,24,-13
LAL,LAL vs. SAS,12/05/2018,W,240,121,42,88,47.7,14,39,35.9,23,33,69.7,6,36,42,21,6,3,12,18,8
LAL,LAL vs. PHX,12/02/2018,W,240,120,46,92,50,11,27,40.7,17,23,73.9,11,45,56,26,9,4,19,15,24
LAL,LAL vs. DAL,11/30/2018,W,240,114,42,86,48.8,9,30,30,21,32,65.6,9,38,47,23,8,3,18,29,11
LAL,LAL vs. IND,11/29/2018,W,240,104,42,86,48.8,7,24,29.2,13,23,56.5,11,39,50,25,8,11,18,23,8
LAL,LAL @ DEN,11/27/2018,L,240,85,34,87,39.1,5,35,14.3,12,18,66.7,8,31,39,19,5,8,12,19,-32
LAL,LAL vs. ORL,11/25/2018,L,240,104,37,79,46.8,10,26,38.5,20,31,64.5,5,37,42,22,9,10,18,17,-4
LAL,LAL vs. UTA,11/23/2018,W,240,90,36,79,45.6,7,23,30.4,11,18,61.1,5,42,47,10,11,5,24,20,7
LAL,LAL @ CLE,11/21/2018,W,240,109,40,78,51.3,9,25,36,20,28,71.4,7,44,51,23,2,9,15,20,4
LAL,LAL @ MIA,11/18/2018,W,240,113,42,95,44.2,11,27,40.7,18,21,85.7,14,36,50,16,7,5,10,19,16
LAL,LAL @ ORL,11/17/2018,L,240,117,43,90,47.8,10,30,33.3,21,25,84,8,33,41,22,5,6,14,20,-13
LAL,LAL vs. POR,11/14/2018,W,240,126,44,93,47.3,15,32,46.9,23,26,88.5,11,37,48,25,11,6,13,18,9
LAL,LAL vs. ATL,11/11/2018,W,240,107,39,92,42.4,14,38,36.8,15,24,62.5,17,31,48,28,12,9,23,23,1
LAL,LAL @ SAC,11/10/2018,W,240,101,41,99,41.4,12,38,31.6,7,17,41.2,17,42,59,23,11,3,16,20,15
LAL,LAL vs. MIN,11/07/2018,W,240,114,44,91,48.4,15,34,44.1,11,14,78.6,12,35,47,32,6,4,16,14,4
LAL,LAL vs. TOR,11/04/2018,L,240,107,39,85,45.9,6,24,25,23,29,79.3,6,32,38,25,6,4,16,18,-14
LAL,LAL @ POR,11/03/2018,W,240,114,45,86,52.3,8,21,38.1,16,25,64,9,41,50,20,9,11,20,22,4
LAL,LAL vs. DAL,10/31/2018,W,240,114,43,84,51.2,10,17,58.8,18,24,75,8,31,39,23,12,6,20,27,1
LAL,LAL @ MIN,10/29/2018,L,240,120,49,104,47.1,12,33,36.4,10,15,66.7,17,31,48,24,8,8,18,24,-4
LAL,LAL @ SAS,10/27/2018,L,240,106,41,86,47.7,13,33,39.4,11,18,61.1,7,35,42,19,5,5,17,25,-4
LAL,LAL vs. DEN,10/25/2018,W,240,121,46,92,50,10,29,34.5,19,23,82.6,9,33,42,27,13,3,14,19,7
LAL,LAL @ PHX,10/24/2018,W,240,131,52,100,52,10,28,35.7,17,23,73.9,11,32,43,34,13,5,8,19,18
LAL,LAL vs. SAS,10/22/2018,L,265,142,55,107,51.4,14,39,35.9,18,26,69.2,13,39,52,33,5,6,15,29,-1
LAL,LAL vs. HOU,10/20/2018,L,240,115,48,100,48,8,32,25,11,18,61.1,9,35,44,28,8,10,11,21,-9
LAL,LAL @ POR,10/18/2018,L,240,119,45,93,48.4,7,30,23.3,22,29,75.9,8,38,46,23,10,6,15,26,-9
LAL,LAL @ LAC,04/11/2018,W,240,115,42,88,47.7,17,39,43.6,14,16,87.5,10,39,49,25,8,6,17,23,15
LAL,LAL vs. HOU,04/10/2018,L,240,99,38,90,42.2,10,36,27.8,13,15,86.7,9,38,47,22,14,4,17,19,-6
LAL,LAL vs. UTA,04/08/2018,L,240,97,37,93,39.8,5,25,20,18,22,81.8,12,32,44,20,8,4,14,22,-15
LAL,LAL vs. MIN,04/06/2018,L,240,96,31,79,39.2,8,24,33.3,26,32,81.3,13,40,53,16,3,2,21,21,-17
LAL,LAL vs. SAS,04/04/2018,W,265,122,47,86,54.7,13,24,54.2,15,18,83.3,4,40,44,32,4,3,14,22,10
LAL,LAL @ UTA,04/03/2018,L,240,110,36,74,48.6,14,28,50,24,36,66.7,7,32,39,23,7,5,16,23,-7
LAL,LAL vs. SAC,04/01/2018,L,240,83,30,75,40,7,32,21.9,16,25,64,10,37,47,18,5,6,15,15,-1
LAL,LAL vs. MIL,03/30/2018,L,265,122,48,94,51.1,8,27,29.6,18,25,72,15,41,56,33,5,3,19,23,-2
LAL,LAL vs. DAL,03/28/2018,W,240,103,36,77,46.8,9,33,27.3,22,32,68.8,7,42,49,25,6,5,15,16,10
LAL,LAL @ DET,03/26/2018,L,240,106,40,85,47.1,6,23,26.1,20,25,80,6,41,47,29,3,7,10,20,-6
LAL,LAL @ MEM,03/24/2018,W,240,100,35,86,40.7,13,38,34.2,17,25,68,11,33,44,19,7,2,12,20,7
LAL,LAL @ NOP,03/22/2018,L,240,125,43,87,49.4,17,39,43.6,22,28,78.6,7,33,40,19,4,3,16,20,-3
LAL,LAL @ IND,03/19/2018,L,240,100,38,86,44.2,8,33,24.2,16,23,69.6,14,33,47,20,4,3,13,18,-10
LAL,LAL vs. MIA,03/16/2018,L,240,91,32,76,42.1,9,19,47.4,18,22,81.8,7,42,49,22,5,4,20,17,-1
LAL,LAL @ GSW,03/14/2018,L,240,106,38,84,45.2,12,38,31.6,18,28,64.3,7,28,35,24,11,8,14,19,-11
LAL,LAL vs. DEN,03/13/2018,W,240,112,40,90,44.4,15,40,37.5,17,25,68,12,40,52,20,6,3,17,23,9
LAL,LAL vs. CLE,03/11/2018,W,240,127,48,96,50,13,34,38.2,18,20,90,14,37,51,30,9,4,13,19,14
LAL,LAL @ DEN,03/09/2018,L,240,116,45,92,48.9,14,35,40,12,16,75,12,32,44,25,8,6,16,23,-9
LAL,LAL vs. ORL,03/07/2018,W,240,108,43,88,48.9,11,33,33.3,11,12,91.7,7,32,39,27,7,3,14,16,1
LAL,LAL vs. POR,03/05/2018,L,240,103,34,87,39.1,11,37,29.7,24,31,77.4,7,40,47,20,9,7,11,24,-5
LAL,LAL @ SAS,03/03/2018,W,240,116,40,92,43.5,15,34,44.1,21,27,77.8,10,36,46,26,10,4,15,21,4
LAL,LAL @ MIA,03/01/2018,W,240,131,47,79,59.5,16,29,55.2,21,26,80.8,6,30,36,29,9,5,14,17,18
LAL,LAL @ ATL,02/26/2018,W,240,123,47,90,52.2,15,33,45.5,14,19,73.7,10,49,59,28,8,6,23,23,19
LAL,LAL @ SAC,02/24/2018,W,240,113,41,91,45.1,17,38,44.7,14,20,70,12,32,44,26,5,6,12,18,5
LAL,LAL vs. DAL,02/23/2018,W,240,124,48,93,51.6,13,33,39.4,15,20,75,13,49,62,32,8,6,16,17,22
LAL,LAL @ MIN,02/15/2018,L,240,111,43,94,45.7,7,31,22.6,18,26,69.2,11,35,46,19,6,4,13,26,-8
LAL,LAL @ NOP,02/14/2018,L,240,117,46,90,51.1,10,22,45.5,15,18,83.3,7,30,37,26,5,3,20,21,-22
LAL,LAL @ DAL,02/10/2018,L,240,123,46,84,54.8,16,34,47.1,15,22,68.2,9,28,37,29,7,0,17,25,-7
LAL,LAL vs. OKC,02/08/2018,W,240,106,42,96,43.8,10,31,32.3,12,13,92.3,13,38,51,28,5,7,8,19,25
LAL,LAL vs. PHX,02/06/2018,W,240,112,39,83,47,11,26,42.3,23,26,88.5,12,44,56,19,7,7,14,21,19
LAL,LAL @ OKC,02/04/2018,W,240,108,42,86,48.8,13,30,43.3,11,18,61.1,8,32,40,24,6,7,19,20,4
LAL,LAL @ BKN,02/02/2018,W,240,102,39,92,42.4,10,26,38.5,14,20,70,18,38,56,21,5,6,16,18,3
LAL,LAL @ ORL,01/31/2018,L,240,105,39,83,47,4,20,20,23,30,76.7,11,32,43,18,7,1,17,18,-22
LAL,LAL @ TOR,01/28/2018,L,240,111,40,91,44,8,25,32,23,33,69.7,13,31,44,22,9,4,14,21,-12
LAL,LAL @ CHI,01/26/2018,W,240,108,41,91,45.1,5,24,20.8,21,28,75,10,38,48,23,6,3,9,23,5
LAL,LAL vs. BOS,01/23/2018,W,240,108,40,91,44,7,26,26.9,21,36,58.3,14,37,51,18,6,2,10,16,1
LAL,LAL vs. NYK,01/21/2018,W,240,127,51,91,56,10,26,38.5,15,21,71.4,12,27,39,31,10,3,6,18,20
LAL,LAL vs. IND,01/19/2018,W,240,99,44,80,55,9,28,32.1,2,14,14.3,6,41,47,26,7,6,15,17,13
LAL,LAL @ OKC,01/17/2018,L,240,90,38,81,46.9,10,26,38.5,4,4,100,6,24,30,25,9,1,18,15,-24
LAL,LAL @ MEM,01/15/2018,L,240,114,38,96,39.6,12,35,34.3,26,31,83.9,12,32,44,25,11,8,14,23,-9
LAL,LAL @ DAL,01/13/2018,W,265,107,43,95,45.3,8,26,30.8,13,18,72.2,11,48,59,24,4,0,15,31,6
LAL,LAL vs. SAS,01/11/2018,W,240,93,36,87,41.4,13,38,34.2,8,14,57.1,12,35,47,22,15,4,16,17,12
LAL,LAL vs. SAC,01/09/2018,W,240,99,37,77,48.1,12,35,34.3,13,21,61.9,9,46,55,30,12,4,26,23,13
LAL,LAL vs. ATL,01/07/2018,W,240,132,48,86,55.8,16,36,44.4,20,25,80,6,43,49,32,13,6,18,25,19
LAL,LAL vs. CHA,01/05/2018,L,240,94,38,94,40.4,9,36,25,9,12,75,12,34,46,24,7,3,16,19,-14
LAL,LAL vs. OKC,01/03/2018,L,240,96,38,92,41.3,11,33,33.3,9,15,60,16,29,45,24,5,4,17,10,-37
LAL,LAL @ MIN,01/01/2018,L,240,96,34,76,44.7,8,26,30.8,20,29,69,9,28,37,18,12,4,24,25,-18
LAL,LAL @ HOU,12/31/2017,L,290,142,53,105,50.5,10,25,40,26,37,70.3,15,39,54,31,6,4,16,32,-6
LAL,LAL vs. LAC,12/29/2017,L,240,106,46,94,48.9,3,19,15.8,11,16,68.8,11,24,35,25,7,3,12,22,-15
LAL,LAL vs. MEM,12/27/2017,L,240,99,35,93,37.6,8,28,28.6,21,33,63.6,22,27,49,14,5,4,12,26,-10
LAL,LAL vs. MIN,12/25/2017,L,240,104,40,92,43.5,10,30,33.3,14,20,70,13,24,37,21,10,1,12,16,-17
LAL,LAL vs. POR,12/23/2017,L,240,92,36,85,42.4,8,25,32,12,20,60,11,44,55,23,8,3,17,22,-3
LAL,LAL @ GSW,12/22/2017,L,240,106,40,94,42.6,11,29,37.9,15,22,68.2,15,31,46,22,11,5,17,23,-7
LAL,LAL @ HOU,12/20/2017,W,240,122,40,85,47.1,15,35,42.9,27,43,62.8,10,37,47,27,8,5,10,25,6
LAL,LAL vs. GSW,12/18/2017,L,265,114,41,92,44.6,10,25,40,22,35,62.9,7,38,45,23,9,9,12,26,-2
LAL,LAL @ CLE,12/14/2017,L,240,112,47,95,49.5,9,31,29,9,14,64.3,16,33,49,33,7,3,18,20,-9
LAL,LAL @ NYK,12/12/2017,L,265,109,42,102,41.2,13,35,37.1,12,15,80,20,32,52,24,6,6,16,19,-4
LAL,LAL @ CHA,12/09/2017,W,240,110,43,85,50.6,9,27,33.3,15,21,71.4,6,40,46,24,7,5,14,21,11
LAL,LAL @ PHI,12/07/2017,W,240,107,42,96,43.8,11,28,39.3,12,24,50,15,29,44,22,13,7,12,23,3
LAL,LAL vs. HOU,12/03/2017,L,240,95,32,84,38.1,9,28,32.1,22,30,73.3,11,34,45,16,9,6,21,22,-23
LAL,LAL @ DEN,12/02/2017,L,240,100,38,86,44.2,9,30,30,15,21,71.4,17,35,52,21,5,2,21,24,-15
LAL,LAL vs. GSW,11/29/2017,L,265,123,47,95,49.5,9,24,37.5,20,25,80,7,27,34,30,12,5,17,23,-4
LAL,LAL @ LAC,11/27/2017,L,240,115,44,91,48.4,11,30,36.7,16,24,66.7,12,31,43,23,10,5,16,29,-5
LAL,LAL @ SAC,11/22/2017,L,240,102,39,78,50,15,29,51.7,9,15,60,4,28,32,27,8,4,17,19,-11
LAL,LAL vs. CHI,11/21/2017,W,240,103,36,90,40,13,40,32.5,18,25,72,12,41,53,23,7,6,14,16,9
LAL,LAL vs. DEN,11/19/2017,W,240,127,53,100,53,12,32,37.5,9,16,56.3,13,33,46,36,11,5,15,27,18
LAL,LAL vs. PHX,11/17/2017,L,240,113,45,91,49.5,7,25,28,16,24,66.7,9,40,49,26,7,10,19,20,-9
LAL,LAL vs. PHI,11/15/2017,L,240,109,42,109,38.5,3,27,11.1,22,27,81.5,22,35,57,18,7,6,9,23,-6
LAL,LAL @ PHX,11/13/2017,W,240,100,39,92,42.4,14,33,42.4,8,13,61.5,9,44,53,17,6,6,16,20,7
LAL,LAL @ MIL,11/11/2017,L,240,90,31,74,41.9,6,22,27.3,22,37,59.5,8,40,48,21,7,9,23,22,-8
LAL,LAL @ WAS,11/09/2017,L,240,95,31,86,36,3,23,13,30,41,73.2,17,29,46,17,9,4,19,19,-16
LAL,LAL @ BOS,11/08/2017,L,240,96,37,85,43.5,5,24,20.8,17,23,73.9,12,36,48,16,8,8,20,30,-11
LAL,LAL vs. MEM,11/05/2017,W,240,107,40,85,47.1,9,27,33.3,18,23,78.3,8,38,46,25,5,4,19,16,5
LAL,LAL vs. BKN,11/03/2017,W,240,124,48,94,51.1,9,21,42.9,19,27,70.4,7,50,57,26,10,7,16,29,12
LAL,LAL @ POR,11/02/2017,L,240,110,43,79,54.4,4,18,22.2,20,27,74.1,2,30,32,16,8,8,11,20,-3
LAL,LAL vs. DET,10/31/2017,W,240,113,45,91,49.5,12,26,46.2,11,14,78.6,11,42,53,30,9,5,14,14,20
LAL,LAL @ UTA,10/28/2017,L,240,81,31,81,38.3,5,22,22.7,14,20,70,14,25,39,17,12,4,16,20,-15
LAL,LAL vs. TOR,10/27/2017,L,240,92,36,79,45.6,3,23,13,17,24,70.8,9,40,49,20,7,6,21,22,-9
LAL,LAL vs. WAS,10/25/2017,W,265,102,41,92,44.6,7,30,23.3,13,16,81.3,6,47,53,27,9,5,22,26,3
LAL,LAL vs. NOP,10/22/2017,L,240,112,44,90,48.9,9,27,33.3,15,20,75,9,29,38,27,7,6,17,24,-7
LAL,LAL @ PHX,10/20/2017,W,240,132,48,93,51.6,12,26,46.2,24,33,72.7,5,37,42,22,8,3,18,31,2
LAL,LAL vs. LAC,10/19/2017,L,240,92,37,91,40.7,4,16,25,14,23,60.9,12,40,52,21,8,7,20,15,-16
LAL,LAL @ GSW,04/12/2017,L,240,94,41,93,44.1,4,17,23.5,8,14,57.1,11,29,40,23,13,2,18,22,-15
LAL,LAL vs. NOP,04/11/2017,W,240,108,42,88,47.7,8,22,36.4,16,23,69.6,8,39,47,24,15,3,13,18,12
LAL,LAL vs. MIN,04/09/2017,W,240,110,42,86,48.8,10,27,37,16,20,80,12,28,40,26,10,8,16,23,1
LAL,LAL vs. SAC,04/07/2017,W,240,98,38,86,44.2,4,24,16.7,18,25,72,16,25,41,20,12,1,14,15,4
LAL,LAL @ SAS,04/05/2017,W,240,102,42,86,48.8,7,14,50,11,14,78.6,8,39,47,23,8,5,16,13,7
LAL,LAL vs. MEM,04/02/2017,W,240,108,40,85,47.1,7,19,36.8,21,27,77.8,17,34,51,14,11,2,14,12,5
LAL,LAL @ LAC,04/01/2017,L,240,104,39,90,43.3,6,23,26.1,20,30,66.7,15,26,41,26,12,2,12,27,-11
LAL,LAL @ MIN,03/30/2017,L,240,104,40,84,47.6,9,27,33.3,15,16,93.8,14,28,42,20,4,5,17,22,-15
LAL,LAL vs. WAS,03/28/2017,L,240,108,43,85,50.6,8,22,36.4,14,16,87.5,11,32,43,21,6,9,18,19,-11
LAL,LAL vs. POR,03/26/2017,L,240,81,33,84,39.3,5,21,23.8,10,17,58.8,1,41,42,19,6,3,10,17,-16
LAL,LAL vs. MIN,03/24/2017,W,265,130,46,88,52.3,14,23,60.9,24,28,85.7,9,33,42,26,6,2,20,23,11
LAL,LAL vs. LAC,03/21/2017,L,240,109,43,92,46.7,6,20,30,17,27,63,14,27,41,23,8,3,10,22,-24
LAL,LAL vs. CLE,03/19/2017,L,240,120,47,91,51.6,11,27,40.7,15,19,78.9,10,30,40,23,5,1,6,25,-5
LAL,LAL vs. MIL,03/17/2017,L,240,103,38,84,45.2,11,29,37.9,16,26,61.5,11,29,40,24,7,4,15,20,-4
LAL,LAL @ HOU,03/15/2017,L,240,100,42,91,46.2,3,25,12,13,18,72.2,9,29,38,16,10,0,23,25,-39
LAL,LAL @ DEN,03/13/2017,L,240,101,42,97,43.3,6,20,30,11,19,57.9,16,30,46,17,10,3,16,21,-28
LAL,LAL vs. PHI,03/12/2017,L,240,116,44,88,50,4,20,20,24,28,85.7,7,33,40,24,10,10,15,21,-2
LAL,LAL @ PHX,03/09/2017,W,240,122,47,98,48,12,27,44.4,16,24,66.7,14,28,42,21,11,7,9,20,12
LAL,LAL @ DAL,03/07/2017,L,240,111,42,90,46.7,11,30,36.7,16,22,72.7,11,33,44,25,9,3,11,20,-11
LAL,LAL vs. NOP,03/05/2017,L,240,97,38,83,45.8,10,28,35.7,11,15,73.3,11,38,49,22,7,5,25,24,-8
LAL,LAL vs. BOS,03/03/2017,L,240,95,37,87,42.5,6,24,25,15,20,75,6,28,34,23,11,7,14,21,-20
LAL,LAL vs. CHA,02/28/2017,L,240,104,41,84,48.8,12,32,37.5,10,13,76.9,6,33,39,22,9,5,14,23,-5
LAL,LAL vs. SAS,02/26/2017,L,240,98,40,87,46,7,22,31.8,11,18,61.1,13,31,44,16,8,2,19,18,-21
LAL,LAL @ OKC,02/24/2017,L,240,93,40,101,39.6,7,35,20,6,14,42.9,15,36,51,23,15,8,13,19,-17
LAL,LAL @ PHX,02/15/2017,L,240,101,35,93,37.6,9,26,34.6,22,28,78.6,7,29,36,16,9,3,12,27,-36
LAL,LAL vs. SAC,02/14/2017,L,240,96,38,83,45.8,12,29,41.4,8,15,53.3,13,30,43,22,10,3,17,21,-1
LAL,LAL @ MIL,02/10/2017,W,240,122,39,75,52,15,31,48.4,29,35,82.9,6,27,33,25,9,3,19,24,8
LAL,LAL @ DET,02/08/2017,L,240,102,37,86,43,6,23,26.1,22,26,84.6,7,34,41,21,7,3,21,21,-19
LAL,LAL @ NYK,02/06/2017,W,240,121,44,102,43.1,8,28,28.6,25,31,80.6,20,35,55,19,9,5,8,28,14
LAL,LAL @ BOS,02/03/2017,L,240,107,37,94,39.4,14,38,36.8,19,26,73.1,15,37,52,24,9,3,12,23,-6
LAL,LAL @ WAS,02/02/2017,L,240,108,40,87,46,12,39,30.8,16,22,72.7,12,35,47,19,6,8,20,23,-8
LAL,LAL vs. DEN,01/31/2017,W,240,120,47,89,52.8,12,26,46.2,14,18,77.8,10,34,44,25,7,10,15,16,4
LAL,LAL @ UTA,01/26/2017,L,240,88,36,84,42.9,4,14,28.6,12,13,92.3,10,38,48,13,5,2,13,24,-8
LAL,LAL @ POR,01/25/2017,L,240,98,37,94,39.4,11,30,36.7,13,14,92.9,14,37,51,16,5,9,15,17,-7
LAL,LAL @ DAL,01/22/2017,L,240,73,28,73,38.4,3,21,14.3,14,17,82.4,5,27,32,11,3,4,18,20,-49
LAL,LAL vs. IND,01/20/2017,W,240,108,41,87,47.1,14,33,42.4,12,15,80,16,35,51,27,15,3,24,20,13
LAL,LAL vs. DEN,01/17/2017,L,240,121,47,108,43.5,11,30,36.7,16,18,88.9,20,23,43,28,11,5,12,21,-6
LAL,LAL vs. DET,01/15/2017,L,240,97,36,83,43.4,6,26,23.1,19,24,79.2,9,41,50,19,2,4,15,18,-5
LAL,LAL @ LAC,01/14/2017,L,240,97,36,80,45,10,21,47.6,15,27,55.6,6,34,40,21,3,2,15,20,-16
LAL,LAL @ SAS,01/12/2017,L,240,94,35,85,41.2,6,20,30,18,25,72,9,20,29,23,6,3,9,25,-40
LAL,LAL vs. POR,01/10/2017,L,240,87,32,83,38.6,9,24,37.5,14,26,53.8,9,29,38,18,7,5,10,18,-21
LAL,LAL vs. ORL,01/08/2017,W,240,111,42,87,48.3,8,32,25,19,24,79.2,6,41,47,23,8,5,13,21,16
LAL,LAL vs. MIA,01/06/2017,W,240,127,48,96,50,10,28,35.7,21,29,72.4,18,44,62,22,6,2,13,22,27
LAL,LAL @ POR,01/05/2017,L,240,109,36,86,41.9,10,31,32.3,27,33,81.8,10,30,40,15,7,3,11,25,-9
LAL,LAL vs. MEM,01/03/2017,W,240,116,42,82,51.2,17,33,51.5,15,28,53.6,9,34,43,34,5,2,10,23,14
LAL,LAL vs. TOR,01/01/2017,L,240,114,37,92,40.2,15,32,46.9,25,31,80.6,16,27,43,19,8,3,8,21,-9
LAL,LAL vs. DAL,12/29/2016,L,240,89,32,68,47.1,7,19,36.8,18,25,72,7,27,34,15,8,1,15,18,-12
LAL,LAL vs. UTA,12/27/2016,L,240,100,39,83,47,4,16,25,18,22,81.8,15,25,40,19,8,3,16,21,-2
LAL,LAL vs. LAC,12/25/2016,W,240,111,40,84,47.6,8,25,32,23,30,76.7,13,35,48,18,7,3,14,21,9
LAL,LAL @ ORL,12/23/2016,L,240,90,31,87,35.6,8,23,34.8,20,24,83.3,12,34,46,16,8,6,18,14,-19
LAL,LAL @ MIA,12/22/2016,L,240,107,40,90,44.4,14,38,36.8,13,15,86.7,9,31,40,18,7,2,14,14,-8
LAL,LAL @ CHA,12/20/2016,L,240,113,44,90,48.9,16,33,48.5,9,11,81.8,10,30,40,29,5,12,12,20,-4
LAL,LAL @ CLE,12/17/2016,L,240,108,41,86,47.7,16,37,43.2,10,13,76.9,10,31,41,30,3,2,12,16,-11
LAL,LAL @ PHI,12/16/2016,W,240,100,36,79,45.6,9,30,30,19,22,86.4,8,38,46,19,10,4,20,21,11
LAL,LAL @ BKN,12/14/2016,L,240,97,35,91,38.5,6,27,22.2,21,34,61.8,18,31,49,11,8,6,10,26,-10
LAL,LAL @ SAC,12/12/2016,L,240,92,33,84,39.3,10,23,43.5,16,21,76.2,17,22,39,18,12,3,20,16,-24
LAL,LAL vs. NYK,12/11/2016,L,240,112,42,88,47.7,10,28,35.7,18,22,81.8,9,32,41,26,7,1,15,22,-6
LAL,LAL vs. PHX,12/09/2016,L,240,115,40,87,46,9,26,34.6,26,34,76.5,10,39,49,18,4,2,16,21,-4
LAL,LAL @ HOU,12/07/2016,L,240,95,34,87,39.1,5,20,25,22,27,81.5,14,25,39,14,13,4,28,22,-39
LAL,LAL vs. UTA,12/05/2016,L,240,101,39,87,44.8,5,14,35.7,18,23,78.3,15,28,43,15,8,1,11,23,-6
LAL,LAL @ MEM,12/03/2016,L,240,100,35,81,43.2,7,21,33.3,23,29,79.3,14,30,44,16,7,4,18,18,-3
LAL,LAL @ TOR,12/02/2016,L,240,80,32,93,34.4,6,26,23.1,10,17,58.8,19,27,46,16,6,2,18,18,-33
LAL,LAL @ CHI,11/30/2016,W,240,96,33,81,40.7,2,8,25,28,41,68.3,18,42,60,17,12,3,24,24,6
LAL,LAL @ NOP,11/29/2016,L,240,88,37,87,42.5,5,30,16.7,9,18,50,9,38,47,26,8,5,12,17,-17
LAL,LAL vs. ATL,11/27/2016,W,240,109,42,95,44.2,8,20,40,17,20,85,15,38,53,20,7,2,9,15,15
LAL,LAL vs. GSW,11/25/2016,L,240,85,32,90,35.6,5,22,22.7,16,23,69.6,14,31,45,20,12,3,18,16,-24
LAL,LAL @ GSW,11/23/2016,L,240,106,40,93,43,8,20,40,18,22,81.8,7,30,37,22,5,1,12,25,-43
LAL,LAL vs. OKC,11/22/2016,W,240,111,42,83,50.6,14,27,51.9,13,16,81.3,6,29,35,25,8,7,17,17,2
LAL,LAL vs. CHI,11/20/2016,L,240,110,41,93,44.1,13,31,41.9,15,21,71.4,10,27,37,26,11,3,10,19,-8
LAL,LAL vs. SAS,11/18/2016,L,240,107,39,87,44.8,12,25,48,17,21,81,15,30,45,24,6,1,14,21,-9
LAL,LAL vs. BKN,11/15/2016,W,240,125,41,92,44.6,9,28,32.1,34,43,79.1,14,41,55,24,9,2,12,17,7
LAL,LAL @ MIN,11/13/2016,L,240,99,33,71,46.5,8,24,33.3,25,30,83.3,5,34,39,16,6,5,17,31,-26
LAL,LAL @ NOP,11/12/2016,W,240,126,52,94,55.3,16,30,53.3,6,7,85.7,10,37,47,36,8,5,10,17,27
LAL,LAL @ SAC,11/10/2016,W,240,101,38,74,51.4,9,27,33.3,16,22,72.7,4,38,42,18,8,2,21,19,10
LAL,LAL vs. DAL,11/08/2016,L,240,97,38,78,48.7,10,26,38.5,11,14,78.6,8,29,37,20,6,1,17,19,-12
LAL,LAL vs. PHX,11/06/2016,W,240,119,41,90,45.6,10,23,43.5,27,35,77.1,15,38,53,22,8,5,19,22,11
LAL,LAL vs. GSW,11/04/2016,W,240,117,45,95,47.4,8,30,26.7,19,21,90.5,16,35,51,26,9,5,16,19,20
LAL,LAL @ ATL,11/02/2016,W,240,123,48,90,53.3,9,22,40.9,18,20,90,11,31,42,24,11,9,15,25,7
LAL,LAL @ IND,11/01/2016,L,240,108,40,89,44.9,6,28,21.4,22,25,88,11,33,44,14,8,2,20,25,-7
LAL,LAL @ OKC,10/30/2016,L,240,96,35,87,40.2,7,32,21.9,19,24,79.2,11,30,41,20,15,2,22,18,-17
LAL,LAL @ UTA,10/28/2016,L,240,89,32,84,38.1,9,23,39.1,16,21,76.2,11,32,43,16,6,7,17,29,-7
LAL,LAL vs. HOU,10/26/2016,W,240,120,45,89,50.6,12,35,34.3,18,22,81.8,11,28,39,21,10,4,16,24,6
LAL,LAL vs. UTA,04/13/2016,W,240,101,41,85,48.2,6,25,24,13,15,86.7,8,39,47,19,6,3,14,17,5
LAL,LAL @ OKC,04/11/2016,L,240,79,23,81,28.4,7,31,22.6,26,30,86.7,10,38,48,15,8,1,15,20,-33
LAL,LAL @ HOU,04/10/2016,L,240,110,41,83,49.4,12,28,42.9,16,19,84.2,7,33,40,25,10,3,21,15,-20
LAL,LAL @ NOP,04/08/2016,L,240,102,34,81,42,11,24,45.8,23,27,85.2,10,24,34,18,9,5,13,23,-8
LAL,LAL vs. LAC,04/06/2016,L,240,81,32,90,35.6,4,19,21.1,13,17,76.5,16,33,49,12,6,1,12,16,-10
LAL,LAL @ LAC,04/05/2016,L,240,81,26,83,31.3,6,20,30,23,25,92,14,29,43,11,10,3,15,23,-22
LAL,LAL vs. BOS,04/03/2016,L,240,100,37,90,41.1,6,21,28.6,20,29,69,11,36,47,22,6,4,11,17,-7
LAL,LAL vs. MIA,03/30/2016,W,265,102,37,102,36.3,6,20,30,22,29,75.9,19,30,49,14,9,5,10,21,2
LAL,LAL @ UTA,03/28/2016,L,240,75,26,85,30.6,7,20,35,16,22,72.7,7,30,37,11,5,6,9,19,-48
LAL,LAL vs. WAS,03/27/2016,L,240,88,33,87,37.9,7,28,25,15,17,88.2,12,30,42,15,12,0,18,26,-13
LAL,LAL vs. DEN,03/25/2016,L,240,105,37,85,43.5,10,23,43.5,21,26,80.8,7,36,43,23,6,3,11,19,-11
LAL,LAL @ PHX,03/23/2016,L,240,107,39,93,41.9,7,27,25.9,22,26,84.6,14,27,41,13,6,6,10,24,-12
LAL,LAL vs. MEM,03/22/2016,W,240,107,39,77,50.6,6,19,31.6,23,24,95.8,11,29,40,21,10,4,22,23,7
LAL,LAL vs. PHX,03/18/2016,L,240,90,31,86,36,6,23,26.1,22,26,84.6,12,38,50,21,4,6,12,21,-5
LAL,LAL vs. SAC,03/15/2016,L,240,98,37,84,44,5,26,19.2,19,26,73.1,10,39,49,20,10,5,22,23,-8
LAL,LAL vs. NYK,03/13/2016,L,240,87,34,85,40,3,16,18.8,16,21,76.2,10,35,45,14,6,2,9,20,-3
LAL,LAL vs. CLE,03/10/2016,L,240,108,42,80,52.5,7,22,31.8,17,21,81,4,30,34,18,8,4,11,22,-12
LAL,LAL vs. ORL,03/08/2016,W,240,107,40,81,49.4,9,27,33.3,18,23,78.3,10,35,45,21,7,2,15,22,9
LAL,LAL vs. GSW,03/06/2016,W,240,112,41,87,47.1,9,25,36,21,22,95.5,9,32,41,23,12,6,13,24,17
LAL,LAL vs. ATL,03/04/2016,L,240,77,29,85,34.1,5,27,18.5,14,20,70,17,29,46,19,5,1,11,16,-29
LAL,LAL @ DEN,03/02/2016,L,240,107,35,79,44.3,11,31,35.5,26,32,81.3,6,25,31,19,7,4,9,25,-10
LAL,LAL vs. BKN,03/01/2016,W,240,107,41,83,49.4,11,26,42.3,14,21,66.7,8,38,46,22,5,4,13,22,6
LAL,LAL vs. MEM,02/26/2016,L,240,95,32,78,41,5,23,21.7,26,39,66.7,11,27,38,14,9,3,9,14,-17
LAL,LAL @ MEM,02/24/2016,L,240,119,39,88,44.3,17,39,43.6,24,33,72.7,15,30,45,16,5,3,7,21,-9
LAL,LAL @ MIL,02/22/2016,L,240,101,28,76,36.8,12,29,41.4,33,43,76.7,11,35,46,18,7,2,17,24,-7
LAL,LAL @ CHI,02/21/2016,L,240,115,43,93,46.2,7,21,33.3,22,33,66.7,17,27,44,13,5,4,8,20,-11
LAL,LAL vs. SAS,02/19/2016,L,240,113,40,81,49.4,10,22,45.5,23,26,88.5,12,24,36,20,5,4,16,17,-6
LAL,LAL @ CLE,02/10/2016,L,240,111,38,86,44.2,13,28,46.4,22,27,81.5,11,33,44,16,5,3,11,19,-9
LAL,LAL @ IND,02/08/2016,L,240,87,29,93,31.2,8,35,22.9,21,26,80.8,14,37,51,13,10,2,12,24,-2
LAL,LAL @ SAS,02/06/2016,L,240,102,34,86,39.5,10,30,33.3,24,27,88.9,13,33,46,19,5,3,9,22,-4
LAL,LAL @ NOP,02/04/2016,W,240,99,39,81,48.1,7,20,35,14,20,70,9,39,48,14,4,0,16,22,3
LAL,LAL vs. MIN,02/02/2016,W,240,119,40,80,50,12,26,46.2,27,35,77.1,7,24,31,23,9,2,10,24,4
LAL,LAL vs. CHA,01/31/2016,L,240,82,27,80,33.8,8,29,27.6,20,23,87,4,38,42,13,6,8,15,20,-19
LAL,LAL @ LAC,01/29/2016,L,240,93,34,78,43.6,5,13,38.5,20,25,80,11,37,48,19,6,4,18,21,-12
LAL,LAL vs. CHI,01/28/2016,L,240,91,32,85,37.6,9,25,36,18,23,78.3,11,30,41,21,6,4,15,17,-23
LAL,LAL vs. DAL,01/26/2016,L,240,90,30,74,40.5,7,25,28,23,28,82.1,8,39,47,15,4,7,14,25,-2
LAL,LAL @ POR,01/23/2016,L,240,103,34,69,49.3,7,17,41.2,28,32,87.5,4,26,30,14,4,6,19,20,-18
LAL,LAL vs. SAS,01/22/2016,L,240,95,38,84,45.2,6,16,37.5,13,18,72.2,12,33,45,19,3,5,13,12,-13
LAL,LAL vs. SAC,01/20/2016,L,240,93,32,90,35.6,4,25,16,25,31,80.6,12,29,41,17,6,5,10,22,-19
LAL,LAL vs. HOU,01/17/2016,L,240,95,37,82,45.1,6,19,31.6,15,19,78.9,3,33,36,25,8,7,14,16,-17
LAL,LAL @ UTA,01/16/2016,L,240,82,31,90,34.4,9,23,39.1,11,18,61.1,16,28,44,16,4,4,14,14,-27
LAL,LAL @ GSW,01/14/2016,L,240,98,40,90,44.4,4,23,17.4,14,24,58.3,16,31,47,17,13,3,21,19,-18
LAL,LAL vs. NOP,01/12/2016,W,240,95,32,87,36.8,6,29,20.7,25,32,78.1,11,36,47,16,7,4,8,17,4
LAL,LAL vs. UTA,01/10/2016,L,240,74,29,89,32.6,3,21,14.3,13,15,86.7,16,25,41,15,9,4,11,22,-12
LAL,LAL vs. OKC,01/08/2016,L,240,113,40,84,47.6,9,26,34.6,24,25,96,10,24,34,19,9,5,13,22,-4
LAL,LAL @ SAC,01/07/2016,L,240,115,41,76,53.9,8,24,33.3,25,29,86.2,6,27,33,20,10,4,18,26,-3
LAL,LAL vs. GSW,01/05/2016,L,240,88,29,91,31.9,5,21,23.8,25,30,83.3,15,37,52,15,7,4,13,16,-21
LAL,LAL vs. PHX,01/03/2016,W,240,97,38,84,45.2,8,22,36.4,13,17,76.5,9,45,54,26,8,7,16,16,20
LAL,LAL vs. PHI,01/01/2016,W,240,93,33,87,37.9,5,16,31.3,22,29,75.9,13,37,50,17,11,6,12,17,9
LAL,LAL @ BOS,12/30/2015,W,240,112,43,94,45.7,9,19,47.4,17,23,73.9,13,39,52,22,5,2,10,22,8
LAL,LAL @ CHA,12/28/2015,L,240,98,35,85,41.2,9,29,31,19,23,82.6,6,35,41,24,7,4,12,17,-10
LAL,LAL @ MEM,12/27/2015,L,240,96,32,84,38.1,8,29,27.6,24,32,75,18,28,46,16,6,5,15,18,-16
LAL,LAL vs. LAC,12/25/2015,L,240,84,32,77,41.6,7,23,30.4,13,25,52,6,34,40,17,10,2,16,13,-10
LAL,LAL vs. OKC,12/23/2015,L,240,85,32,89,36,7,25,28,14,22,63.6,12,23,35,19,6,5,12,18,-35
LAL,LAL @ DEN,12/22/2015,W,240,111,40,84,47.6,7,26,26.9,24,32,75,11,29,40,17,6,6,11,21,4
LAL,LAL @ OKC,12/19/2015,L,240,78,30,86,34.9,8,28,28.6,10,17,58.8,8,24,32,14,10,2,14,20,-40
LAL,LAL vs. HOU,12/17/2015,L,240,87,36,84,42.9,5,24,20.8,10,18,55.6,13,33,46,22,5,5,14,27,-20
LAL,LAL vs. MIL,12/15/2015,W,240,113,41,89,46.1,10,27,37,21,25,84,18,34,52,26,7,3,14,18,18
LAL,LAL @ HOU,12/12/2015,L,240,97,35,88,39.8,10,32,31.3,17,20,85,11,29,40,21,11,4,20,23,-29
LAL,LAL @ SAS,12/11/2015,L,240,87,36,88,40.9,9,25,36,6,10,60,9,27,36,20,7,5,16,21,-22
LAL,LAL @ MIN,12/09/2015,L,265,122,48,93,51.6,9,23,39.1,17,27,63,9,31,40,19,9,1,9,23,-1
LAL,LAL @ TOR,12/07/2015,L,240,93,34,83,41,7,19,36.8,18,20,90,14,33,47,14,4,4,15,23,-9
LAL,LAL @ DET,12/06/2015,L,240,91,32,80,40,5,18,27.8,22,29,75.9,8,31,39,12,6,4,15,21,-20
LAL,LAL @ ATL,12/04/2015,L,240,87,32,86,37.2,13,27,48.1,10,13,76.9,15,27,42,19,10,7,16,14,-13
LAL,LAL @ WAS,12/02/2015,W,240,108,41,96,42.7,8,25,32,18,20,90,16,29,45,17,18,3,17,22,4
LAL,LAL @ PHI,12/01/2015,L,240,91,33,89,37.1,8,34,23.5,17,24,70.8,12,34,46,15,4,2,12,19,-12
LAL,LAL vs. IND,11/29/2015,L,240,103,38,99,38.4,11,33,33.3,16,22,72.7,15,39,54,17,6,5,12,27,-4
LAL,LAL @ POR,11/28/2015,L,240,96,36,82,43.9,7,23,30.4,17,23,73.9,6,27,33,20,12,2,9,19,-12
LAL,LAL @ GSW,11/24/2015,L,240,77,31,83,37.3,3,21,14.3,12,16,75,8,37,45,16,8,2,15,15,-34
LAL,LAL vs. POR,11/22/2015,L,240,93,32,88,36.4,6,18,33.3,23,27,85.2,15,36,51,17,2,6,11,12,-14
LAL,LAL vs. TOR,11/20/2015,L,240,91,35,77,45.5,8,25,32,13,17,76.5,9,32,41,21,8,4,15,18,-11
LAL,LAL @ PHX,11/16/2015,L,240,101,37,77,48.1,9,20,45,18,20,90,7,30,37,12,5,2,17,23,-19
LAL,LAL vs. DET,11/15/2015,W,240,97,31,75,41.3,6,19,31.6,29,39,74.4,7,39,46,24,5,5,16,19,12
LAL,LAL @ DAL,11/13/2015,L,240,82,29,88,33,9,27,33.3,15,18,83.3,15,42,57,18,10,7,22,27,-8
LAL,LAL @ ORL,11/11/2015,L,240,99,39,79,49.4,7,22,31.8,14,18,77.8,7,36,43,25,5,7,14,11,-2
LAL,LAL @ MIA,11/10/2015,L,240,88,34,77,44.2,11,22,50,9,12,75,5,31,36,21,7,7,18,21,-13
LAL,LAL @ NYK,11/08/2015,L,240,95,36,94,38.3,9,27,33.3,14,23,60.9,12,34,46,19,7,3,10,20,-4
LAL,LAL @ BKN,11/06/2015,W,240,104,33,78,42.3,7,23,30.4,31,40,77.5,5,35,40,14,9,6,16,22,6
LAL,LAL vs. DEN,11/03/2015,L,240,109,36,86,41.9,6,26,23.1,31,38,81.6,11,29,40,18,9,4,11,28,-11
LAL,LAL vs. DAL,11/01/2015,L,240,93,31,85,36.5,10,34,29.4,21,28,75,8,34,42,18,8,9,12,20,-10
LAL,LAL @ SAC,10/30/2015,L,240,114,41,89,46.1,11,34,32.4,21,27,77.8,8,29,37,20,7,9,19,24,-18
LAL,LAL vs. MIN,10/28/2015,L,240,111,35,90,38.9,9,34,26.5,32,35,91.4,12,36,48,18,2,4,14,29,-1
LAL,LAL vs. SAC,04/15/2015,L,240,99,36,94,38.3,7,24,29.2,20,25,80,16,30,46,22,6,8,15,28,-23
LAL,LAL @ SAC,04/13/2015,L,240,92,40,96,41.7,4,15,26.7,8,13,61.5,17,32,49,19,8,3,11,26,-10
LAL,LAL vs. DAL,04/12/2015,L,240,106,34,78,43.6,9,24,37.5,29,36,80.6,6,31,37,20,4,4,15,20,-14
LAL,LAL vs. MIN,04/10/2015,W,240,106,41,83,49.4,9,23,39.1,15,24,62.5,14,32,46,35,6,2,14,22,8
LAL,LAL @ DEN,04/08/2015,L,240,101,36,75,48,5,16,31.3,24,35,68.6,9,30,39,15,7,2,15,20,-18
LAL,LAL @ LAC,04/07/2015,L,240,100,35,84,41.7,9,25,36,21,27,77.8,8,35,43,24,2,1,11,25,-5
LAL,LAL vs. LAC,04/05/2015,L,240,78,29,75,38.7,7,17,41.2,13,22,59.1,14,27,41,17,3,3,19,18,-28
LAL,LAL vs. POR,04/03/2015,L,240,77,31,82,37.8,5,14,35.7,10,17,58.8,6,37,43,13,4,6,13,10,-30
LAL,LAL vs. NOP,04/01/2015,L,240,92,37,83,44.6,5,16,31.3,13,21,61.9,12,23,35,22,4,2,7,17,-21
LAL,LAL @ PHI,03/30/2015,W,265,113,40,82,48.8,10,21,47.6,23,30,76.7,12,33,45,27,7,10,17,26,2
LAL,LAL @ BKN,03/29/2015,L,240,99,42,91,46.2,6,18,33.3,9,11,81.8,9,34,43,25,7,4,11,14,-8
LAL,LAL @ TOR,03/27/2015,L,240,83,29,84,34.5,4,17,23.5,21,29,72.4,16,30,46,14,6,2,13,19,-11
LAL,LAL @ MIN,03/25/2015,W,265,101,39,92,42.4,6,26,23.1,17,18,94.4,14,34,48,21,8,4,16,23,2
LAL,LAL @ OKC,03/24/2015,L,240,117,44,85,51.8,9,19,47.4,20,27,74.1,8,20,28,22,10,7,10,17,-10
LAL,LAL vs. PHI,03/22/2015,W,240,101,39,81,48.1,5,14,35.7,18,22,81.8,13,39,52,21,4,9,14,21,14
LAL,LAL vs. UTA,03/19/2015,L,240,73,31,77,40.3,3,11,27.3,8,17,47.1,9,34,43,20,9,3,16,22,-7
LAL,LAL @ GSW,03/16/2015,L,240,105,39,85,45.9,8,15,53.3,19,21,90.5,10,35,45,24,11,5,19,19,-3
LAL,LAL vs. ATL,03/15/2015,L,240,86,34,85,40,7,18,38.9,11,15,73.3,19,35,54,21,6,4,22,22,-5
LAL,LAL vs. NYK,03/12/2015,L,240,94,38,90,42.2,5,18,27.8,13,21,61.9,15,36,51,18,6,4,14,26,-7
LAL,LAL vs. DET,03/10/2015,W,240,93,32,75,42.7,3,13,23.1,26,30,86.7,10,36,46,23,8,1,12,17,8
LAL,LAL vs. DAL,03/08/2015,L,240,93,38,82,46.3,2,14,14.3,15,21,71.4,15,32,47,23,5,5,16,24,-7
LAL,LAL @ MEM,03/06/2015,L,240,90,39,84,46.4,5,12,41.7,7,9,77.8,5,39,44,22,6,9,10,26,-7
LAL,LAL @ MIA,03/04/2015,L,240,94,38,88,43.2,7,18,38.9,11,17,64.7,7,35,42,23,11,1,14,26,-6
LAL,LAL @ CHA,03/03/2015,L,240,103,39,86,45.3,6,17,35.3,19,21,90.5,6,35,41,24,6,4,11,21,-1
LAL,LAL vs. OKC,03/01/2015,L,240,101,40,90,44.4,9,25,36,12,18,66.7,9,40,49,25,6,6,9,20,-7
LAL,LAL vs. MIL,02/27/2015,W,240,101,40,85,47.1,6,18,33.3,15,22,68.2,9,41,50,23,7,5,12,21,8
LAL,LAL @ UTA,02/25/2015,W,240,100,40,89,44.9,2,11,18.2,18,21,85.7,14,28,42,17,12,8,10,25,3
LAL,LAL vs. BOS,02/22/2015,W,265,118,43,84,51.2,7,18,38.9,25,38,65.8,6,40,46,22,8,4,18,27,7
LAL,LAL vs. BKN,02/20/2015,L,240,105,41,89,46.1,4,23,17.4,19,29,65.5,14,32,46,22,10,4,10,18,-9
LAL,LAL @ POR,02/11/2015,L,240,86,34,93,36.6,7,16,43.8,11,11,100,14,34,48,17,4,5,10,23,-16
LAL,LAL vs. DEN,02/10/2015,L,240,96,37,85,43.5,6,18,33.3,16,27,59.3,14,29,43,23,3,2,12,24,-10
LAL,LAL @ CLE,02/08/2015,L,240,105,41,100,41,7,23,30.4,16,19,84.2,19,27,46,22,11,5,7,18,-15
LAL,LAL @ ORL,02/06/2015,L,265,97,39,97,40.2,11,26,42.3,8,13,61.5,15,28,43,27,12,8,15,13,-6
LAL,LAL @ MIL,02/04/2015,L,265,105,39,93,41.9,9,28,32.1,18,25,72,18,35,53,22,3,2,18,25,-8
LAL,LAL @ NYK,02/01/2015,L,240,80,27,76,35.5,7,16,43.8,19,23,82.6,10,36,46,15,7,3,15,15,-12
LAL,LAL vs. CHI,01/29/2015,W,290,123,50,106,47.2,3,9,33.3,20,25,80,18,36,54,26,5,8,13,27,5
LAL,LAL vs. WAS,01/27/2015,L,240,92,37,87,42.5,5,20,25,13,16,81.3,8,30,38,17,9,4,11,19,-6
LAL,LAL vs. HOU,01/25/2015,L,240,87,34,79,43,1,13,7.7,18,25,72,13,40,53,20,4,2,21,18,-12
LAL,LAL @ SAS,01/23/2015,L,240,85,33,83,39.8,5,13,38.5,14,20,70,8,32,40,18,4,4,9,21,-14
LAL,LAL @ NOP,01/21/2015,L,240,80,28,77,36.4,6,20,30,18,21,85.7,10,31,41,16,12,4,18,21,-16
LAL,LAL @ PHX,01/19/2015,L,240,100,34,75,45.3,8,17,47.1,24,35,68.6,13,33,46,24,9,3,23,20,-15
LAL,LAL @ UTA,01/16/2015,L,240,85,31,65,47.7,3,7,42.9,20,27,74.1,8,34,42,7,6,5,21,9,-9
LAL,LAL vs. CLE,01/15/2015,L,240,102,39,76,51.3,8,24,33.3,16,23,69.6,8,27,35,26,4,1,12,26,-7
LAL,LAL vs. MIA,01/13/2015,L,240,75,29,92,31.5,4,23,17.4,13,18,72.2,13,33,46,20,10,3,12,14,-3
LAL,LAL vs. POR,01/11/2015,L,240,94,36,81,44.4,7,22,31.8,15,19,78.9,7,38,45,29,2,4,13,22,-12
LAL,LAL vs. ORL,01/09/2015,W,240,101,36,90,40,7,21,33.3,22,31,71,18,42,60,16,8,7,14,21,17
LAL,LAL @ LAC,01/07/2015,L,240,89,37,85,43.5,5,20,25,10,17,58.8,9,37,46,21,3,1,13,20,-25
LAL,LAL @ POR,01/05/2015,L,240,94,37,88,42,4,14,28.6,16,20,80,11,38,49,20,5,0,10,20,-4
LAL,LAL vs. IND,01/04/2015,W,240,88,27,71,38,6,18,33.3,28,30,93.3,5,32,37,14,8,3,11,20,1
LAL,LAL vs. MEM,01/02/2015,L,240,106,43,81,53.1,6,19,31.6,14,19,73.7,5,33,38,24,10,8,14,28,-3
LAL,LAL @ DEN,12/30/2014,W,240,111,40,76,52.6,14,25,56,17,26,65.4,4,38,42,31,6,4,20,20,8
LAL,LAL vs. PHX,12/28/2014,L,240,107,42,81,51.9,12,20,60,11,20,55,4,31,35,22,8,6,17,19,-9
LAL,LAL @ DAL,12/26/2014,L,240,98,36,99,36.4,11,29,37.9,15,20,75,24,39,63,20,8,6,16,23,-4
LAL,LAL @ CHI,12/25/2014,L,240,93,36,92,39.1,5,16,31.3,16,21,76.2,16,23,39,18,9,8,4,21,-20
LAL,LAL vs. GSW,12/23/2014,W,240,115,46,89,51.7,12,26,46.2,11,17,64.7,13,29,42,28,11,10,16,15,10
LAL,LAL @ SAC,12/21/2014,L,240,101,33,87,37.9,10,26,38.5,25,30,83.3,18,29,47,14,8,2,17,29,-7
LAL,LAL vs. OKC,12/19/2014,L,240,103,41,85,48.2,10,25,40,11,15,73.3,5,38,43,28,3,5,11,21,-1
LAL,LAL @ IND,12/15/2014,L,240,91,29,88,33,10,26,38.5,23,29,79.3,11,27,38,14,10,5,9,20,-19
LAL,LAL @ MIN,12/14/2014,W,240,100,34,81,42,5,17,29.4,27,34,79.4,11,34,45,22,10,5,11,17,6
LAL,LAL @ SAS,12/12/2014,W,265,112,44,96,45.8,12,24,50,12,15,80,14,35,49,27,11,4,15,19,2
LAL,LAL vs. SAC,12/09/2014,W,240,98,38,96,39.6,5,25,20,17,25,68,14,31,45,27,9,6,5,23,3
LAL,LAL vs. NOP,12/07/2014,L,240,87,36,90,40,5,19,26.3,10,15,66.7,7,27,34,18,4,6,7,15,-17
LAL,LAL @ BOS,12/05/2014,L,240,96,38,92,41.3,6,16,37.5,14,19,73.7,7,31,38,14,2,4,12,18,-17
LAL,LAL @ WAS,12/03/2014,L,240,95,33,85,38.8,12,29,41.4,17,21,81,9,34,43,16,8,6,13,20,-16
LAL,LAL @ DET,12/02/2014,W,240,106,39,81,48.1,10,17,58.8,18,24,75,12,35,47,25,9,6,14,26,10
LAL,LAL vs. TOR,11/30/2014,W,265,129,47,96,49,10,24,41.7,25,34,73.5,12,42,54,24,4,7,10,21,7
LAL,LAL vs. MIN,11/28/2014,L,240,119,48,89,53.9,8,21,38.1,15,22,68.2,12,23,35,27,12,1,14,22,-1
LAL,LAL vs. MEM,11/26/2014,L,240,93,33,81,40.7,8,19,42.1,19,24,79.2,12,30,42,16,6,9,12,18,-6
LAL,LAL vs. DEN,11/23/2014,L,265,94,33,89,37.1,3,24,12.5,25,34,73.5,9,41,50,15,10,6,13,28,-7
LAL,LAL @ DAL,11/21/2014,L,240,106,44,85,51.8,5,13,38.5,13,21,61.9,13,20,33,24,3,4,10,24,-34
LAL,LAL @ HOU,11/19/2014,W,240,98,37,91,40.7,5,20,25,19,23,82.6,14,33,47,17,8,3,14,18,6
LAL,LAL @ ATL,11/18/2014,W,240,114,47,87,54,6,17,35.3,14,22,63.6,13,31,44,24,7,0,11,24,5
LAL,LAL vs. GSW,11/16/2014,L,240,115,39,99,39.4,3,16,18.8,34,43,79.1,20,28,48,17,9,4,7,27,-21
LAL,LAL vs. SAS,11/14/2014,L,240,80,28,75,37.3,2,12,16.7,22,31,71,11,35,46,17,6,5,13,13,-13
LAL,LAL @ NOP,11/12/2014,L,240,102,35,84,41.7,7,21,33.3,25,32,78.1,11,27,38,15,8,5,9,14,-7
LAL,LAL @ MEM,11/11/2014,L,240,102,41,87,47.1,7,22,31.8,13,17,76.5,15,23,38,22,8,6,13,22,-5
LAL,LAL vs. CHA,11/09/2014,W,240,107,42,82,51.2,6,17,35.3,17,22,77.3,8,30,38,28,8,2,11,23,15
LAL,LAL vs. PHX,11/04/2014,L,240,106,35,88,39.8,6,16,37.5,30,41,73.2,18,31,49,16,7,8,12,25,-6
LAL,LAL @ GSW,11/01/2014,L,240,104,41,88,46.6,4,14,28.6,18,25,72,17,20,37,21,9,3,22,27,-23
LAL,LAL vs. LAC,10/31/2014,L,240,111,42,82,51.2,7,20,35,20,28,71.4,9,31,40,24,5,2,14,35,-7
LAL,LAL @ PHX,10/29/2014,L,240,99,37,86,43,4,13,30.8,21,25,84,12,26,38,20,9,3,15,18,-20
LAL,LAL vs. HOU,10/28/2014,L,240,90,28,79,35.4,3,10,30,31,39,79.5,11,25,36,16,7,3,13,32,-18
LAL,LAL @ SAS,04/16/2014,W,240,113,45,91,49.5,11,27,40.7,12,17,70.6,6,44,50,29,4,2,9,17,13
LAL,LAL @ UTA,04/14/2014,W,240,119,45,82,54.9,10,24,41.7,19,22,86.4,9,27,36,31,11,6,13,16,15
LAL,LAL vs. MEM,04/13/2014,L,240,90,35,80,43.8,11,27,40.7,9,11,81.8,5,27,32,29,9,5,17,15,-12
LAL,LAL vs. GSW,04/11/2014,L,240,95,35,89,39.3,9,28,32.1,16,20,80,8,34,42,23,10,2,15,12,-17
LAL,LAL vs. HOU,04/08/2014,L,240,130,44,95,46.3,14,32,43.8,28,35,80,5,28,33,38,8,7,11,20,-15
LAL,LAL @ LAC,04/06/2014,L,240,97,36,86,41.9,7,31,22.6,18,23,78.3,8,30,38,26,9,0,15,19,-23
LAL,LAL vs. DAL,04/04/2014,L,240,95,35,83,42.2,7,28,25,18,24,75,10,28,38,26,10,5,15,14,-12
LAL,LAL @ SAC,04/02/2014,L,240,102,37,96,38.5,12,28,42.9,16,20,80,14,38,52,26,7,6,10,21,-5
LAL,LAL vs. POR,04/01/2014,L,240,112,41,92,44.6,11,25,44,19,22,86.4,9,36,45,31,7,10,11,16,-12
LAL,LAL vs. PHX,03/30/2014,W,240,115,44,83,53,5,18,27.8,22,24,91.7,5,37,42,29,10,5,14,21,16
LAL,LAL @ MIN,03/28/2014,L,240,107,44,102,43.1,7,25,28,12,15,80,14,12,26,22,15,2,8,30,-36
LAL,LAL @ MIL,03/27/2014,L,240,105,42,85,49.4,7,21,33.3,14,18,77.8,13,25,38,23,10,1,20,24,-3
LAL,LAL vs. NYK,03/25/2014,W,240,127,48,83,57.8,18,28,64.3,13,15,86.7,8,30,38,32,10,2,17,23,31
LAL,LAL vs. ORL,03/23/2014,W,240,103,37,80,46.3,6,16,37.5,23,29,79.3,7,27,34,20,9,4,14,16,9
LAL,LAL vs. WAS,03/21/2014,L,240,107,43,91,47.3,7,19,36.8,14,23,60.9,11,33,44,32,12,5,21,22,-10
LAL,LAL vs. SAS,03/19/2014,L,240,109,39,91,42.9,9,26,34.6,22,29,75.9,12,34,46,19,10,6,12,19,-16
LAL,LAL @ SAS,03/14/2014,L,240,85,31,91,34.1,4,21,19,19,25,76,8,29,37,23,9,7,10,15,-34
LAL,LAL @ OKC,03/13/2014,L,240,102,37,94,39.4,13,27,48.1,15,25,60,12,25,37,23,7,5,14,19,-29
LAL,LAL vs. OKC,03/09/2014,W,240,114,38,81,46.9,13,31,41.9,25,30,83.3,1,35,36,31,7,6,15,16,4
LAL,LAL @ DEN,03/07/2014,L,240,126,45,97,46.4,12,27,44.4,24,30,80,12,35,47,30,8,6,14,21,-8
LAL,LAL vs. LAC,03/06/2014,L,240,94,34,86,39.5,8,30,26.7,18,26,69.2,4,29,33,26,9,2,22,16,-48
LAL,LAL vs. NOP,03/04/2014,L,240,125,46,85,54.1,10,22,45.5,23,31,74.2,11,19,30,29,9,5,14,26,-7
LAL,LAL @ POR,03/03/2014,W,240,107,43,94,45.7,8,18,44.4,13,15,86.7,12,32,44,29,12,5,17,19,1
LAL,LAL vs. SAC,02/28/2014,W,240,126,48,80,60,19,27,70.4,11,16,68.8,2,29,31,35,5,11,17,25,4
LAL,LAL @ MEM,02/26/2014,L,240,103,38,77,49.4,15,28,53.6,12,18,66.7,5,29,34,24,5,10,15,15,-5
LAL,LAL @ IND,02/25/2014,L,240,98,39,90,43.3,8,23,34.8,12,20,60,10,32,42,22,11,12,17,23,-20
LAL,LAL vs. BKN,02/23/2014,L,240,102,39,76,51.3,7,17,41.2,17,26,65.4,10,27,37,17,11,5,17,24,-6
LAL,LAL vs. BOS,02/21/2014,W,240,101,40,83,48.2,7,22,31.8,14,19,73.7,9,37,46,23,7,7,18,19,9
LAL,LAL vs. HOU,02/19/2014,L,240,108,41,84,48.8,14,27,51.9,12,15,80,3,29,32,29,10,5,20,19,-26
LAL,LAL vs. OKC,02/13/2014,L,240,103,40,83,48.2,10,28,35.7,13,22,59.1,7,35,42,29,6,4,23,18,-4
LAL,LAL vs. UTA,02/11/2014,L,240,79,33,85,38.8,4,16,25,9,13,69.2,10,30,40,21,6,7,11,15,-17
LAL,LAL vs. CHI,02/09/2014,L,240,86,36,82,43.9,6,19,31.6,8,11,72.7,7,36,43,26,7,5,18,15,-6
LAL,LAL @ PHI,02/07/2014,W,240,112,45,89,50.6,8,18,44.4,14,20,70,7,33,40,34,14,9,14,15,14
LAL,LAL @ CLE,02/05/2014,W,240,119,42,79,53.2,18,37,48.6,17,22,77.3,6,34,40,35,7,3,15,25,11
LAL,LAL @ MIN,02/04/2014,L,240,99,33,79,41.8,10,21,47.6,23,26,88.5,7,31,38,25,8,4,16,25,-10
LAL,LAL vs. CHA,01/31/2014,L,240,100,36,93,38.7,6,26,23.1,22,27,81.5,9,32,41,23,5,3,8,23,-10
LAL,LAL vs. IND,01/28/2014,L,240,92,37,94,39.4,5,24,20.8,13,16,81.3,7,43,50,24,3,4,9,18,-12
LAL,LAL @ NYK,01/26/2014,L,240,103,39,75,52,11,23,47.8,14,18,77.8,5,30,35,16,6,3,12,20,-7
LAL,LAL @ ORL,01/24/2014,L,240,105,41,90,45.6,12,22,54.5,11,17,64.7,7,33,40,28,6,5,11,20,-9
LAL,LAL @ MIA,01/23/2014,L,240,102,40,88,45.5,9,25,36,13,21,61.9,13,22,35,21,12,1,12,17,-7
LAL,LAL @ CHI,01/20/2014,L,265,100,35,83,42.2,8,25,32,22,26,84.6,9,38,47,22,11,9,22,20,-2
LAL,LAL @ TOR,01/19/2014,W,240,112,37,80,46.3,12,22,54.5,26,28,92.9,6,25,31,20,6,2,10,13,6
LAL,LAL @ BOS,01/17/2014,W,240,107,37,74,50,12,20,60,21,28,75,8,38,46,27,3,4,20,13,3
LAL,LAL @ PHX,01/15/2014,L,240,114,43,91,47.3,6,20,30,22,24,91.7,8,35,43,26,5,7,17,22,-7
LAL,LAL vs. CLE,01/14/2014,L,240,118,44,84,52.4,13,34,38.2,17,23,73.9,6,29,35,35,4,6,12,21,-2
LAL,LAL @ LAC,01/10/2014,L,240,87,29,84,34.5,4,16,25,25,28,89.3,11,36,47,18,2,1,21,26,-36
LAL,LAL @ HOU,01/08/2014,L,240,99,36,88,40.9,7,24,29.2,20,25,80,14,33,47,20,7,7,18,32,-14
LAL,LAL @ DAL,01/07/2014,L,240,97,34,81,42,11,31,35.5,18,26,69.2,11,35,46,21,6,3,20,16,-13
LAL,LAL vs. DEN,01/05/2014,L,240,115,42,89,47.2,3,21,14.3,28,36,77.8,9,29,38,26,8,5,15,18,-22
LAL,LAL vs. UTA,01/03/2014,W,240,110,42,81,51.9,10,24,41.7,16,21,76.2,10,36,46,33,4,6,11,25,11
LAL,LAL vs. MIL,12/31/2013,L,240,79,29,81,35.8,7,24,29.2,14,18,77.8,9,30,39,18,2,10,13,20,-15
LAL,LAL vs. PHI,12/29/2013,L,240,104,31,84,36.9,12,37,32.4,30,34,88.2,18,37,55,20,4,8,22,20,-7
LAL,LAL @ UTA,12/27/2013,L,240,103,40,80,50,7,23,30.4,16,23,69.6,8,29,37,16,8,4,14,19,-2
LAL,LAL vs. MIA,12/25/2013,L,240,95,33,79,41.8,14,36,38.9,15,26,57.7,12,35,47,15,8,4,17,19,-6
LAL,LAL @ PHX,12/23/2013,L,240,90,30,81,37,6,20,30,24,37,64.9,8,31,39,12,5,3,11,19,-27
LAL,LAL @ GSW,12/21/2013,L,240,83,26,80,32.5,4,20,20,27,33,81.8,12,38,50,11,8,5,24,18,-19
LAL,LAL vs. MIN,12/20/2013,W,240,104,42,78,53.8,7,19,36.8,13,15,86.7,7,36,43,27,7,9,19,19,13
LAL,LAL @ MEM,12/17/2013,W,240,96,37,75,49.3,7,22,31.8,15,19,78.9,4,33,37,16,8,10,14,18,4
LAL,LAL @ ATL,12/16/2013,L,240,100,39,82,47.6,5,21,23.8,17,21,81,12,31,43,18,6,4,14,16,-14
LAL,LAL @ CHA,12/14/2013,W,240,88,30,77,39,7,20,35,21,23,91.3,8,32,40,19,4,8,15,11,3
LAL,LAL @ OKC,12/13/2013,L,240,97,36,87,41.4,7,25,28,18,31,58.1,15,26,41,26,7,4,19,17,-25
LAL,LAL vs. PHX,12/10/2013,L,240,108,39,80,48.8,5,19,26.3,25,32,78.1,7,26,33,22,7,3,11,20,-6
LAL,LAL vs. TOR,12/08/2013,L,240,94,34,79,43,9,28,32.1,17,20,85,8,32,40,22,7,3,19,23,-12
LAL,LAL @ SAC,12/06/2013,W,240,106,41,86,47.7,12,32,37.5,12,18,66.7,10,26,36,24,10,7,12,20,6
LAL,LAL vs. POR,12/01/2013,L,240,108,40,87,46,10,28,35.7,18,23,78.3,9,32,41,25,8,7,9,21,-6
LAL,LAL @ DET,11/29/2013,W,240,106,36,80,45,14,31,45.2,20,30,66.7,11,33,44,24,11,8,17,21,4
LAL,LAL @ BKN,11/27/2013,W,240,99,34,85,40,13,30,43.3,18,22,81.8,11,37,48,21,5,7,12,24,5
LAL,LAL @ WAS,11/26/2013,L,240,111,44,83,53,13,28,46.4,10,13,76.9,9,25,34,30,4,5,17,19,-5
LAL,LAL vs. SAC,11/24/2013,W,240,100,40,87,46,8,26,30.8,12,15,80,9,35,44,20,8,9,10,17,14
LAL,LAL vs. GSW,11/22/2013,W,240,102,39,82,47.6,11,24,45.8,13,17,76.5,7,29,36,21,10,4,14,22,7
LAL,LAL vs. DET,11/17/2013,W,240,114,47,90,52.2,10,25,40,10,10,100,8,30,38,33,11,5,13,20,15
LAL,LAL vs. MEM,11/15/2013,L,240,86,35,80,43.8,10,24,41.7,6,11,54.5,4,36,40,25,6,8,11,17,-3
LAL,LAL @ DEN,11/13/2013,L,240,99,37,94,39.4,8,21,38.1,17,26,65.4,19,32,51,20,4,9,15,27,-12
LAL,LAL vs. NOP,11/12/2013,W,240,116,44,79,55.7,11,20,55,17,21,81,9,44,53,33,7,4,19,31,21
LAL,LAL vs. MIN,11/10/2013,L,240,90,35,92,38,10,26,38.5,10,18,55.6,16,30,46,24,8,8,18,16,-23
LAL,LAL @ NOP,11/08/2013,L,240,85,31,80,38.8,6,19,31.6,17,26,65.4,12,36,48,19,2,4,14,18,-11
LAL,LAL @ HOU,11/07/2013,W,240,99,36,92,39.1,16,35,45.7,11,15,73.3,13,34,47,26,8,6,24,36,1
LAL,LAL @ DAL,11/05/2013,L,240,104,39,88,44.3,12,31,38.7,14,20,70,9,26,35,21,9,4,14,12,-19
LAL,LAL vs. ATL,11/03/2013,W,240,105,38,89,42.7,9,25,36,20,24,83.3,6,47,53,27,5,7,13,24,2
LAL,LAL vs. SAS,11/01/2013,L,240,85,30,82,36.6,8,27,29.6,17,24,70.8,8,38,46,22,4,7,12,19,-6
LAL,LAL @ GSW,10/30/2013,L,240,94,35,89,39.3,8,18,44.4,16,21,76.2,9,30,39,19,5,4,17,22,-31
LAL,LAL vs. LAC,10/29/2013,W,240,116,42,93,45.2,14,29,48.3,18,28,64.3,18,34,52,23,8,6,19,23,13
LAL,LAL vs. HOU,04/17/2013,W,265,99,33,90,36.7,10,32,31.3,23,34,67.6,17,40,57,27,6,6,13,17,4
LAL,LAL vs. SAS,04/14/2013,W,240,91,31,85,36.5,9,27,33.3,20,31,64.5,16,42,58,18,6,7,14,14,5
LAL,LAL vs. GSW,04/12/2013,W,240,118,34,66,51.5,12,25,48,38,50,76,3,33,36,22,2,2,12,17,2
LAL,LAL @ POR,04/10/2013,W,240,113,43,73,58.9,6,19,31.6,21,24,87.5,6,33,39,19,7,9,15,17,7
LAL,LAL vs. NOH,04/09/2013,W,240,104,40,79,50.6,7,25,28,17,22,77.3,9,33,42,26,9,8,16,16,8
LAL,LAL @ LAC,04/07/2013,L,240,95,33,76,43.4,7,24,29.2,22,30,73.3,10,26,36,25,6,5,11,14,-14
LAL,LAL vs. MEM,04/05/2013,W,240,86,34,74,45.9,5,20,25,13,18,72.2,8,35,43,22,5,2,18,17,2
LAL,LAL vs. DAL,04/02/2013,W,240,101,36,81,44.4,8,24,33.3,21,33,63.6,19,38,57,23,8,8,18,16,20
LAL,LAL @ SAC,03/30/2013,W,240,103,38,82,46.3,10,30,33.3,17,26,65.4,15,27,42,28,9,7,7,16,5
LAL,LAL @ MIL,03/28/2013,L,240,103,34,77,44.2,5,20,25,30,39,76.9,11,29,40,19,7,6,18,20,-10
LAL,LAL @ MIN,03/27/2013,W,240,120,44,82,53.7,10,22,45.5,22,38,57.9,12,32,44,27,10,9,21,25,3
LAL,LAL @ GSW,03/25/2013,L,240,103,36,91,39.6,6,26,23.1,25,36,69.4,15,36,51,17,6,2,9,15,-6
LAL,LAL vs. WAS,03/22/2013,L,240,100,39,81,48.1,11,23,47.8,11,17,64.7,9,39,48,27,5,3,17,15,-3
LAL,LAL @ PHX,03/18/2013,L,240,76,29,87,33.3,5,22,22.7,13,16,81.3,14,31,45,15,10,1,18,13,-23
LAL,LAL vs. SAC,03/17/2013,W,240,113,41,72,56.9,12,28,42.9,19,29,65.5,6,37,43,28,2,7,15,12,11
LAL,LAL @ IND,03/15/2013,W,240,99,33,78,42.3,13,26,50,20,30,66.7,7,41,48,27,9,8,15,17,6
LAL,LAL @ ATL,03/13/2013,L,240,92,36,92,39.1,8,29,27.6,12,16,75,12,33,45,17,6,1,8,21,-4
LAL,LAL @ ORL,03/12/2013,W,240,106,34,73,46.6,9,25,36,29,47,61.7,7,34,41,20,8,5,10,16,9
LAL,LAL vs. CHI,03/10/2013,W,240,90,39,86,45.3,5,26,19.2,7,14,50,19,31,50,21,5,9,13,16,9
LAL,LAL vs. TOR,03/08/2013,W,265,118,39,91,42.9,14,39,35.9,26,36,72.2,14,33,47,23,10,5,13,14,2
LAL,LAL @ NOH,03/06/2013,W,240,108,38,78,48.7,11,28,39.3,21,29,72.4,6,30,36,26,9,6,11,17,6
LAL,LAL @ OKC,03/05/2013,L,240,105,31,77,40.3,12,29,41.4,31,40,77.5,16,30,46,11,0,1,16,21,-17
LAL,LAL vs. ATL,03/03/2013,W,240,99,38,78,48.7,10,21,47.6,13,18,72.2,7,36,43,21,9,1,21,19,1
LAL,LAL vs. MIN,02/28/2013,W,240,116,44,83,53,16,32,50,12,21,57.1,13,36,49,30,7,6,16,20,22
LAL,LAL @ DEN,02/25/2013,L,240,108,43,78,55.1,8,19,42.1,14,31,45.2,8,28,36,21,6,5,15,17,-11
LAL,LAL @ DAL,02/24/2013,W,240,103,34,72,47.2,13,25,52,22,31,71,7,38,45,17,7,2,16,16,4
LAL,LAL vs. POR,02/22/2013,W,240,111,40,85,47.1,6,18,33.3,25,34,73.5,12,35,47,18,8,5,16,14,4
LAL,LAL vs. BOS,02/20/2013,W,240,113,42,83,50.6,7,22,31.8,22,31,71,14,35,49,24,5,3,12,21,14
LAL,LAL vs. LAC,02/14/2013,L,240,101,38,75,50.7,6,20,30,19,27,70.4,10,27,37,30,9,2,16,17,-24
LAL,LAL vs. PHX,02/12/2013,W,240,91,36,83,43.4,7,21,33.3,12,18,66.7,12,36,48,23,9,5,19,15,6
LAL,LAL @ MIA,02/10/2013,L,240,97,35,70,50,7,12,58.3,20,26,76.9,5,24,29,16,9,3,15,17,-10
LAL,LAL @ CHA,02/08/2013,W,240,100,36,80,45,8,26,30.8,20,25,80,6,40,46,23,6,10,13,17,7
LAL,LAL @ BOS,02/07/2013,L,240,95,36,87,41.4,5,23,21.7,18,30,60,13,30,43,16,2,3,13,19,-21
LAL,LAL @ BKN,02/05/2013,W,240,92,37,82,45.1,3,13,23.1,15,18,83.3,5,35,40,20,5,5,13,18,9
LAL,LAL @ DET,02/03/2013,W,240,98,39,83,47,6,20,30,14,22,63.6,7,34,41,24,9,3,14,15,1
LAL,LAL @ MIN,02/01/2013,W,240,111,39,92,42.4,12,32,37.5,21,25,84,17,40,57,27,6,6,13,14,11
LAL,LAL @ PHX,01/30/2013,L,240,86,33,78,42.3,8,27,29.6,12,19,63.2,11,35,46,19,7,4,20,16,-6
LAL,LAL vs. NOH,01/29/2013,W,240,111,39,79,49.4,12,33,36.4,21,33,63.6,9,41,50,34,7,4,15,17,5
LAL,LAL vs. OKC,01/27/2013,W,240,105,41,74,55.4,7,17,41.2,16,29,55.2,6,37,43,29,6,3,14,20,9
LAL,LAL vs. UTA,01/25/2013,W,240,102,43,80,53.8,9,21,42.9,7,13,53.8,12,33,45,26,7,3,18,14,18
LAL,LAL @ MEM,01/23/2013,L,240,93,31,73,42.5,7,17,41.2,24,32,75,7,27,34,15,5,8,15,13,-13
LAL,LAL @ CHI,01/21/2013,L,240,83,32,81,39.5,3,17,17.6,16,23,69.6,15,35,50,15,5,9,16,16,-12
LAL,LAL @ TOR,01/20/2013,L,240,103,38,88,43.2,9,27,33.3,18,21,85.7,12,25,37,20,7,4,13,15,-5
LAL,LAL vs. MIA,01/17/2013,L,240,90,31,72,43.1,10,22,45.5,18,28,64.3,8,34,42,22,3,1,20,23,-9
LAL,LAL vs. MIL,01/15/2013,W,240,104,42,84,50,10,29,34.5,10,18,55.6,8,38,46,30,5,7,10,20,16
LAL,LAL vs. CLE,01/13/2013,W,240,113,40,69,58,13,25,52,20,27,74.1,7,34,41,32,11,5,22,13,20
LAL,LAL vs. OKC,01/11/2013,L,240,101,39,98,39.8,6,28,21.4,17,22,77.3,16,30,46,23,7,5,12,19,-15
LAL,LAL @ SAS,01/09/2013,L,240,105,44,95,46.3,8,27,29.6,9,15,60,6,34,40,22,12,2,10,14,-3
LAL,LAL @ HOU,01/08/2013,L,240,112,43,91,47.3,14,31,45.2,12,13,92.3,9,28,37,25,10,5,16,21,-13
LAL,LAL vs. DEN,01/06/2013,L,240,105,38,82,46.3,10,30,33.3,19,27,70.4,13,35,48,30,4,11,18,20,-7
LAL,LAL @ LAC,01/04/2013,L,240,102,35,76,46.1,6,25,24,26,36,72.2,10,26,36,19,9,6,13,22,-5
LAL,LAL vs. PHI,01/01/2013,L,240,99,37,94,39.4,3,22,13.6,22,33,66.7,14,38,52,17,5,6,7,17,-4
LAL,LAL vs. POR,12/28/2012,W,240,104,40,86,46.5,7,24,29.2,17,28,60.7,16,36,52,29,4,7,11,15,17
LAL,LAL @ DEN,12/26/2012,L,240,114,41,83,49.4,11,29,37.9,21,30,70,11,27,38,29,2,8,15,23,-12
LAL,LAL vs. NYK,12/25/2012,W,240,100,37,77,48.1,5,21,23.8,21,31,67.7,8,34,42,22,4,4,12,17,6
LAL,LAL @ GSW,12/22/2012,W,265,118,49,107,45.8,9,27,33.3,11,14,78.6,15,34,49,33,9,3,20,20,3
LAL,LAL vs. CHA,12/18/2012,W,240,101,35,88,39.8,10,31,32.3,21,27,77.8,16,32,48,21,6,10,11,18,1
LAL,LAL @ PHI,12/16/2012,W,240,111,39,80,48.8,14,34,41.2,19,24,79.2,11,30,41,22,13,4,15,9,13
LAL,LAL @ WAS,12/14/2012,W,240,102,37,82,45.1,8,29,27.6,20,28,71.4,13,32,45,18,10,6,13,20,6
LAL,LAL @ NYK,12/13/2012,L,240,107,35,84,41.7,12,37,32.4,25,29,86.2,12,32,44,13,4,4,14,21,-9
LAL,LAL @ CLE,12/11/2012,L,240,94,31,75,41.3,7,27,25.9,25,40,62.5,15,39,54,11,7,3,19,22,-6
LAL,LAL vs. UTA,12/09/2012,L,240,110,40,85,47.1,15,28,53.6,15,18,83.3,17,22,39,29,5,7,14,21,-7
LAL,LAL @ OKC,12/07/2012,L,240,108,36,84,42.9,11,28,39.3,25,31,80.6,15,30,45,17,11,5,17,23,-6
LAL,LAL @ NOH,12/05/2012,W,240,103,37,80,46.3,13,28,46.4,16,22,72.7,9,37,46,24,11,8,9,16,16
LAL,LAL @ HOU,12/04/2012,L,240,105,38,83,45.8,7,21,33.3,22,34,64.7,15,38,53,16,7,11,19,25,-2
LAL,LAL vs. ORL,12/02/2012,L,240,103,36,86,41.9,6,17,35.3,25,39,64.1,12,34,46,20,5,2,11,16,-10
LAL,LAL vs. DEN,11/30/2012,W,240,122,47,87,54,17,33,51.5,11,17,64.7,15,31,46,33,11,6,15,22,19
LAL,LAL vs. IND,11/27/2012,L,240,77,24,76,31.6,6,28,21.4,23,43,53.5,15,41,56,13,10,5,21,25,-2
LAL,LAL @ DAL,11/24/2012,W,240,115,40,82,48.8,12,22,54.5,23,34,67.6,11,50,61,21,11,4,19,23,26
LAL,LAL @ MEM,11/23/2012,L,240,98,33,74,44.6,12,27,44.4,20,24,83.3,11,17,28,19,6,5,18,28,-8
LAL,LAL @ SAC,11/21/2012,L,240,97,29,65,44.6,12,26,46.2,27,39,69.2,6,27,33,16,6,4,20,22,-16
LAL,LAL vs. BKN,11/20/2012,W,240,95,35,73,47.9,6,21,28.6,19,37,51.4,8,35,43,23,5,5,11,18,5
LAL,LAL vs. HOU,11/18/2012,W,240,119,46,85,54.1,9,20,45,18,28,64.3,9,32,41,27,10,3,13,15,11
LAL,LAL vs. PHX,11/16/2012,W,240,114,42,89,47.2,8,21,38.1,22,28,78.6,17,31,48,25,7,9,12,15,12
LAL,LAL vs. SAS,11/13/2012,L,240,82,31,74,41.9,6,20,30,14,22,63.6,13,35,48,18,5,9,17,14,-2
LAL,LAL vs. SAC,11/11/2012,W,240,103,36,81,44.4,8,25,32,23,30,76.7,18,32,50,23,6,7,18,13,13
LAL,LAL vs. GSW,11/09/2012,W,240,101,36,90,40,8,28,28.6,21,28,75,16,42,58,22,9,6,16,14,24
LAL,LAL @ UTA,11/07/2012,L,240,86,25,74,33.8,4,23,17.4,32,46,69.6,15,33,48,11,10,3,19,14,-9
LAL,LAL vs. DET,11/04/2012,W,240,108,40,77,51.9,10,22,45.5,18,26,69.2,16,30,46,27,11,8,15,20,29
LAL,LAL vs. LAC,11/02/2012,L,240,95,34,68,50,7,16,43.8,20,28,71.4,7,31,38,15,7,7,20,23,-10
LAL,LAL @ POR,10/31/2012,L,240,106,36,72,50,8,18,44.4,26,32,81.3,15,30,45,21,6,2,25,29,-10
LAL,LAL vs. DAL,10/30/2012,L,240,91,38,77,49.4,3,13,23.1,12,31,38.7,15,31,46,24,6,5,14,21,-8
LAL,LAL @ SAC,04/26/2012,L,240,96,41,91,45.1,7,15,46.7,7,9,77.8,11,30,41,27,4,3,15,14,-17
LAL,LAL vs. OKC,04/22/2012,W,290,114,41,106,38.7,5,16,31.3,27,40,67.5,25,42,67,26,12,10,13,19,8
LAL,LAL @ SAS,04/20/2012,L,240,97,33,76,43.4,6,14,42.9,25,30,83.3,10,19,29,19,9,4,15,14,-24
LAL,LAL @ GSW,04/18/2012,W,240,99,37,79,46.8,4,16,25,21,28,75,11,44,55,34,7,6,14,10,12
LAL,LAL vs. SAS,04/17/2012,L,240,91,39,80,48.8,2,10,20,11,11,100,8,29,37,28,6,3,20,14,-21
LAL,LAL vs. DAL,04/15/2012,W,265,112,42,93,45.2,7,18,38.9,21,27,77.8,15,37,52,27,4,1,8,16,4
LAL,LAL vs. DEN,04/13/2012,W,240,103,38,75,50.7,7,15,46.7,20,29,69,14,31,45,25,9,7,23,12,6
LAL,LAL @ SAS,04/11/2012,W,240,98,40,89,44.9,11,23,47.8,7,12,58.3,16,44,60,23,4,4,12,10,14
LAL,LAL @ NOH,04/09/2012,W,240,93,34,73,46.6,5,10,50,20,26,76.9,12,34,46,20,2,6,13,11,2
LAL,LAL @ PHX,04/07/2012,L,240,105,47,97,48.5,1,9,11.1,10,18,55.6,20,34,54,22,2,2,13,19,-20
LAL,LAL vs. HOU,04/06/2012,L,240,107,36,84,42.9,3,11,27.3,32,36,88.9,13,35,48,23,6,5,15,20,-5
LAL,LAL @ LAC,04/04/2012,W,240,113,43,83,51.8,6,16,37.5,21,30,70,12,32,44,25,5,8,12,16,5
LAL,LAL vs. NJN,04/03/2012,W,240,91,39,81,48.1,7,22,31.8,6,6,100,11,39,50,27,4,1,16,16,4
LAL,LAL vs. GSW,04/01/2012,W,240,120,44,82,53.7,10,19,52.6,22,31,71,15,35,50,31,4,7,15,17,8
LAL,LAL vs. NOH,03/31/2012,W,240,88,32,77,41.6,7,22,31.8,17,22,77.3,12,35,47,28,5,5,15,11,3
LAL,LAL vs. OKC,03/29/2012,L,240,93,35,84,41.7,4,11,36.4,19,23,82.6,17,28,45,15,3,9,13,16,-9
LAL,LAL @ GSW,03/27/2012,W,240,104,36,86,41.9,5,20,25,27,34,79.4,17,35,52,23,3,5,13,13,3
LAL,LAL vs. MEM,03/25/2012,L,240,96,31,73,42.5,7,18,38.9,27,30,90,12,26,38,21,9,5,16,14,-6
LAL,LAL vs. POR,03/23/2012,W,240,103,40,85,47.1,6,19,31.6,17,26,65.4,17,36,53,33,6,5,15,14,7
LAL,LAL @ DAL,03/21/2012,W,240,109,45,77,58.4,9,18,50,10,13,76.9,9,37,46,25,4,5,14,12,16
LAL,LAL @ HOU,03/20/2012,L,240,104,42,83,50.6,6,16,37.5,14,16,87.5,9,22,31,18,7,5,15,17,-3
LAL,LAL vs. UTA,03/18/2012,L,240,99,33,73,45.2,2,13,15.4,31,40,77.5,7,38,45,24,6,6,24,20,-4
LAL,LAL vs. MIN,03/16/2012,W,240,97,33,80,41.3,10,22,45.5,21,27,77.8,11,36,47,21,7,12,13,17,5
LAL,LAL @ NOH,03/14/2012,W,265,107,37,82,45.1,5,19,26.3,28,35,80,11,33,44,24,12,3,19,16,6
LAL,LAL @ MEM,03/13/2012,W,290,116,41,83,49.4,6,20,30,28,34,82.4,6,45,51,24,4,5,18,12,5
LAL,LAL vs. BOS,03/11/2012,W,240,97,36,71,50.7,8,16,50,17,26,65.4,8,34,42,25,8,3,18,16,3
LAL,LAL @ MIN,03/09/2012,W,240,105,39,82,47.6,6,18,33.3,21,27,77.8,17,28,45,22,5,8,17,16,3
LAL,LAL @ WAS,03/07/2012,L,240,101,32,81,39.5,8,21,38.1,29,37,78.4,9,33,42,21,9,6,13,16,-5
LAL,LAL @ DET,03/06/2012,L,265,85,34,81,42,3,22,13.6,14,17,82.4,13,38,51,22,4,8,13,15,-3
LAL,LAL vs. MIA,03/04/2012,W,240,93,35,71,49.3,5,17,29.4,18,25,72,13,31,44,19,7,10,18,17,10
LAL,LAL vs. SAC,03/02/2012,W,240,115,44,82,53.7,6,17,35.3,21,26,80.8,8,40,48,25,2,7,13,13,8
LAL,LAL vs. MIN,02/29/2012,W,240,104,41,84,48.8,5,21,23.8,17,22,77.3,9,39,48,30,7,8,13,19,19
LAL,LAL @ OKC,02/23/2012,L,240,85,30,78,38.5,4,13,30.8,21,23,91.3,8,33,41,16,5,2,13,18,-15
LAL,LAL @ DAL,02/22/2012,W,240,96,35,76,46.1,8,20,40,18,31,58.1,17,32,49,21,8,4,17,17,5
LAL,LAL vs. POR,02/20/2012,W,240,103,38,83,45.8,8,19,42.1,19,22,86.4,14,37,51,23,11,3,15,18,11
LAL,LAL @ PHX,02/19/2012,L,240,90,35,78,44.9,3,18,16.7,17,25,68,9,36,45,21,7,5,18,22,-12
LAL,LAL vs. PHX,02/17/2012,W,240,111,44,83,53,5,11,45.5,18,24,75,9,43,52,26,12,4,20,11,12
LAL,LAL vs. ATL,02/14/2012,W,240,86,37,84,44,8,17,47.1,4,9,44.4,14,38,52,20,4,7,17,13,8
LAL,LAL @ TOR,02/12/2012,W,240,94,35,81,43.2,10,23,43.5,14,20,70,12,29,41,19,6,3,15,14,2
LAL,LAL @ NYK,02/10/2012,L,240,85,30,80,37.5,6,24,25,19,23,82.6,12,36,48,13,6,5,17,29,-7
LAL,LAL @ BOS,02/09/2012,W,265,88,36,91,39.6,1,15,6.7,15,20,75,15,40,55,13,6,7,12,12,1
LAL,LAL @ PHI,02/06/2012,L,240,90,34,81,42,7,24,29.2,15,20,75,21,34,55,23,4,4,16,17,-5
LAL,LAL @ UTA,02/04/2012,L,240,87,29,75,38.7,4,14,28.6,25,30,83.3,16,26,42,12,3,4,14,17,-9
LAL,LAL @ DEN,02/03/2012,W,240,93,37,78,47.4,4,13,30.8,15,25,60,8,39,47,19,8,6,11,17,4
LAL,LAL vs. CHA,01/31/2012,W,240,106,42,76,55.3,12,26,46.2,10,11,90.9,7,40,47,26,4,5,16,16,33
LAL,LAL @ MIN,01/29/2012,W,240,106,40,79,50.6,8,19,42.1,18,23,78.3,7,34,41,19,0,7,12,18,5
LAL,LAL @ MIL,01/28/2012,L,240,89,36,82,43.9,6,19,31.6,11,17,64.7,16,28,44,23,5,5,15,16,-11
LAL,LAL vs. LAC,01/25/2012,W,240,96,32,66,48.5,8,16,50,24,32,75,10,26,36,20,4,8,16,15,5
LAL,LAL vs. IND,01/22/2012,L,240,96,36,86,41.9,2,9,22.2,22,33,66.7,18,25,43,22,10,5,8,16,-2
LAL,LAL @ ORL,01/20/2012,L,240,80,29,76,38.2,6,20,30,16,22,72.7,8,34,42,19,5,3,8,18,-12
LAL,LAL @ MIA,01/19/2012,L,240,87,34,81,42,6,20,30,13,16,81.3,12,26,38,19,7,6,14,15,-11
LAL,LAL vs. DAL,01/16/2012,W,240,73,29,76,38.2,1,10,10,14,19,73.7,6,38,44,19,9,4,11,14,3
LAL,LAL @ LAC,01/14/2012,L,240,94,35,77,45.5,5,12,41.7,19,25,76,11,31,42,24,3,2,11,26,-8
LAL,LAL vs. CLE,01/13/2012,W,240,97,37,76,48.7,5,14,35.7,18,23,78.3,7,29,36,30,10,5,18,26,5
LAL,LAL @ UTA,01/11/2012,W,265,90,35,82,42.7,4,9,44.4,16,19,84.2,8,38,46,17,5,6,17,18,3
LAL,LAL vs. PHX,01/10/2012,W,240,99,39,80,48.8,2,17,11.8,19,23,82.6,14,35,49,27,5,2,15,18,16
LAL,LAL vs. MEM,01/08/2012,W,240,90,35,74,47.3,6,19,31.6,14,21,66.7,13,40,53,24,6,5,27,11,8
LAL,LAL vs. GSW,01/06/2012,W,240,97,37,77,48.1,3,11,27.3,20,29,69,15,32,47,27,7,4,19,18,7
LAL,LAL @ POR,01/05/2012,L,240,96,37,79,46.8,0,11,0,22,27,81.5,13,34,47,15,2,6,14,20,-11
LAL,LAL vs. HOU,01/03/2012,W,240,108,41,78,52.6,5,14,35.7,21,27,77.8,10,43,53,25,2,4,15,15,9
LAL,LAL @ DEN,01/01/2012,L,240,90,35,88,39.8,4,23,17.4,16,24,66.7,12,32,44,19,8,4,15,28,-9
LAL,LAL vs. DEN,12/31/2011,W,240,92,39,86,45.3,2,24,8.3,12,15,80,14,36,50,24,6,4,20,20,3
LAL,LAL vs. NYK,12/29/2011,W,240,99,38,73,52.1,9,16,56.3,14,22,63.6,6,34,40,23,6,7,17,28,17
LAL,LAL vs. UTA,12/27/2011,W,240,96,30,71,42.3,6,16,37.5,30,37,81.1,11,35,46,17,8,9,12,21,25
LAL,LAL @ SAC,12/26/2011,L,240,91,37,88,42,1,16,6.3,16,19,84.2,16,29,45,21,6,6,11,25,-9
LAL,LAL vs. CHI,12/25/2011,L,240,87,36,76,47.4,4,16,25,11,20,55,12,30,42,22,6,8,17,20,-1
LAL,LAL @ SAC,04/13/2011,W,265,116,45,91,49.5,6,16,37.5,20,22,90.9,4,39,43,30,8,4,12,17,8
LAL,LAL vs. SAS,04/12/2011,W,240,102,36,79,45.6,5,19,26.3,25,28,89.3,7,38,45,24,1,3,12,23,9
LAL,LAL vs. OKC,04/10/2011,L,240,106,38,81,46.9,7,15,46.7,23,28,82.1,10,24,34,23,10,5,10,23,-14
LAL,LAL @ POR,04/08/2011,L,240,86,34,86,39.5,11,25,44,7,14,50,21,31,52,14,6,4,17,21,-7
LAL,LAL @ GSW,04/06/2011,L,240,87,33,77,42.9,5,19,26.3,16,27,59.3,12,35,47,17,9,1,17,16,-8
LAL,LAL vs. UTA,04/05/2011,L,240,85,31,82,37.8,4,20,20,19,25,76,14,35,49,19,6,13,19,22,-1
LAL,LAL vs. DEN,04/03/2011,L,240,90,36,84,42.9,4,18,22.2,14,20,70,12,33,45,20,9,6,20,24,-5
LAL,LAL @ UTA,04/01/2011,W,240,96,34,71,47.9,7,18,38.9,21,30,70,6,33,39,18,2,5,10,15,11
LAL,LAL vs. DAL,03/31/2011,W,240,110,38,85,44.7,6,16,37.5,28,39,71.8,12,40,52,23,8,3,7,19,28
LAL,LAL vs. NOH,03/27/2011,W,240,102,41,85,48.2,3,17,17.6,17,21,81,13,31,44,21,7,5,9,18,18
LAL,LAL vs. LAC,03/25/2011,W,240,112,39,78,50,6,18,33.3,28,39,71.8,11,30,41,19,9,8,14,18,8
LAL,LAL vs. PHX,03/22/2011,W,315,139,53,120,44.2,11,27,40.7,22,25,88,18,38,56,30,10,5,9,18,2
LAL,LAL vs. POR,03/20/2011,W,240,84,35,78,44.9,3,17,17.6,11,12,91.7,9,26,35,24,10,5,13,17,4
LAL,LAL vs. MIN,03/18/2011,W,240,106,40,84,47.6,8,19,42.1,18,23,78.3,15,29,44,24,8,6,16,19,8
LAL,LAL vs. ORL,03/14/2011,W,240,97,39,89,43.8,6,19,31.6,13,19,68.4,14,27,41,21,8,6,5,19,13
LAL,LAL @ DAL,03/12/2011,W,240,96,37,83,44.6,5,13,38.5,17,27,63,12,31,43,20,7,2,9,17,5
LAL,LAL @ MIA,03/10/2011,L,240,88,30,75,40,7,16,43.8,21,26,80.8,13,24,37,18,9,2,11,19,-6
LAL,LAL @ ATL,03/08/2011,W,240,101,39,79,49.4,5,12,41.7,18,21,85.7,13,30,43,27,7,4,10,15,14
LAL,LAL @ SAS,03/06/2011,W,240,99,42,90,46.7,8,23,34.8,7,10,70,14,35,49,26,6,5,8,21,16
LAL,LAL vs. CHA,03/04/2011,W,240,92,34,89,38.2,5,25,20,19,21,90.5,13,37,50,19,6,12,7,17,8
LAL,LAL @ MIN,03/01/2011,W,240,90,30,80,37.5,5,15,33.3,25,27,92.6,18,35,53,12,6,2,16,17,11
LAL,LAL @ OKC,02/27/2011,W,240,90,37,76,48.7,4,15,26.7,12,18,66.7,9,27,36,19,7,5,14,13,3
LAL,LAL vs. LAC,02/25/2011,W,240,108,43,85,50.6,8,16,50,14,16,87.5,8,31,39,33,6,3,7,18,13
LAL,LAL @ POR,02/23/2011,W,265,106,41,83,49.4,11,18,61.1,13,15,86.7,10,29,39,22,8,4,17,24,5
LAL,LAL vs. ATL,02/22/2011,W,240,104,32,66,48.5,6,15,40,34,40,85,12,42,54,20,5,10,19,24,24
LAL,LAL @ CLE,02/16/2011,L,240,99,37,87,42.5,5,15,33.3,20,23,87,19,29,48,22,6,5,19,22,-5
LAL,LAL @ CHA,02/14/2011,L,240,89,35,80,43.8,3,19,15.8,16,20,80,12,30,42,24,5,4,13,24,-20
LAL,LAL @ ORL,02/13/2011,L,240,75,33,84,39.3,2,16,12.5,7,15,46.7,11,23,34,19,8,4,8,13,-14
LAL,LAL @ NYK,02/11/2011,W,240,113,45,84,53.6,6,15,40,17,25,68,7,34,41,22,9,3,14,17,17
LAL,LAL @ BOS,02/10/2011,W,240,92,35,73,47.9,3,10,30,19,25,76,12,35,47,20,3,6,15,22,6
LAL,LAL @ MEM,02/07/2011,W,240,93,32,74,43.2,8,16,50,21,35,60,14,29,43,22,12,7,14,15,9
LAL,LAL @ NOH,02/05/2011,W,240,101,36,76,47.4,6,18,33.3,23,27,85.2,8,29,37,20,8,8,4,11,6
LAL,LAL vs. SAS,02/03/2011,L,240,88,34,80,42.5,2,14,14.3,18,22,81.8,12,32,44,24,6,5,10,16,-1
LAL,LAL vs. HOU,02/01/2011,W,265,114,44,91,48.4,6,20,30,20,24,83.3,16,38,54,22,9,5,16,16,8
LAL,LAL vs. BOS,01/30/2011,L,240,96,36,81,44.4,4,9,44.4,20,27,74.1,10,20,30,10,6,4,8,22,-13
LAL,LAL vs. SAC,01/28/2011,L,240,95,33,80,41.3,7,23,30.4,22,26,84.6,15,21,36,20,5,4,14,19,-5
LAL,LAL vs. UTA,01/25/2011,W,240,120,44,71,62,8,18,44.4,24,29,82.8,4,34,38,34,11,6,18,17,29
LAL,LAL @ DEN,01/21/2011,W,240,107,47,88,53.4,4,16,25,9,14,64.3,15,32,47,24,3,4,9,20,10
LAL,LAL @ DAL,01/19/2011,L,240,100,44,81,54.3,6,16,37.5,6,7,85.7,8,27,35,20,3,4,10,12,-9
LAL,LAL vs. OKC,01/17/2011,W,240,101,38,76,50,7,14,50,18,26,69.2,11,30,41,24,4,5,15,18,7
LAL,LAL @ LAC,01/16/2011,L,240,92,31,75,41.3,3,20,15,27,33,81.8,11,34,45,12,7,8,14,23,-7
LAL,LAL vs. NJN,01/14/2011,W,240,100,35,71,49.3,5,13,38.5,25,35,71.4,7,31,38,19,8,7,9,16,12
LAL,LAL @ GSW,01/12/2011,W,240,115,42,82,51.2,5,16,31.3,26,29,89.7,18,29,47,26,6,4,14,11,5
LAL,LAL vs. CLE,01/11/2011,W,240,112,46,86,53.5,10,20,50,10,15,66.7,13,40,53,25,11,7,12,14,55
LAL,LAL vs. NYK,01/09/2011,W,240,109,38,91,41.8,8,17,47.1,25,31,80.6,17,44,61,22,8,6,13,16,22
LAL,LAL vs. NOH,01/07/2011,W,240,101,39,77,50.6,5,12,41.7,18,26,69.2,13,25,38,23,9,6,11,22,4
LAL,LAL @ PHX,01/05/2011,W,240,99,40,85,47.1,6,23,26.1,13,20,65,14,33,47,20,6,5,12,20,4
LAL,LAL vs. DET,01/04/2011,W,240,108,42,89,47.2,6,17,35.3,18,22,81.8,13,28,41,29,7,4,6,20,25
LAL,LAL vs. MEM,01/02/2011,L,240,85,33,71,46.5,6,18,33.3,13,18,72.2,6,31,37,13,5,12,20,15,-19
LAL,LAL vs. PHI,12/31/2010,W,240,102,42,82,51.2,4,14,28.6,14,19,73.7,11,34,45,19,6,4,15,15,4
LAL,LAL @ NOH,12/29/2010,W,240,103,41,70,58.6,5,17,29.4,16,20,80,10,34,44,25,7,3,21,23,15
LAL,LAL @ SAS,12/28/2010,L,240,82,29,82,35.4,8,23,34.8,16,22,72.7,12,39,51,15,5,6,16,19,-15
LAL,LAL vs. MIA,12/25/2010,L,240,80,32,79,40.5,6,19,31.6,10,15,66.7,9,34,43,22,4,1,12,23,-16
LAL,LAL vs. MIL,12/21/2010,L,240,79,35,77,45.5,2,13,15.4,7,13,53.8,15,20,35,17,6,5,18,19,-19
LAL,LAL @ TOR,12/19/2010,W,240,120,41,79,51.9,7,19,36.8,31,39,79.5,14,32,46,20,9,4,17,21,10
LAL,LAL @ PHI,12/17/2010,W,240,93,33,79,41.8,3,15,20,24,28,85.7,9,38,47,22,8,2,14,17,12
LAL,LAL @ IND,12/15/2010,W,240,109,42,82,51.2,8,17,47.1,17,24,70.8,12,39,51,25,2,5,10,22,15
LAL,LAL @ WAS,12/14/2010,W,240,103,34,75,45.3,6,21,28.6,29,40,72.5,12,33,45,23,7,3,12,19,14
LAL,LAL @ NJN,12/12/2010,W,240,99,34,82,41.5,7,16,43.8,24,29,82.8,9,33,42,20,10,7,13,20,7
LAL,LAL @ CHI,12/10/2010,L,240,84,34,78,43.6,3,13,23.1,13,18,72.2,10,30,40,20,13,10,19,17,-4
LAL,LAL @ LAC,12/08/2010,W,240,87,34,80,42.5,7,19,36.8,12,19,63.2,6,33,39,23,10,2,17,17,1
LAL,LAL vs. WAS,12/07/2010,W,240,115,40,89,44.9,7,25,28,28,35,80,22,23,45,26,12,7,13,20,7
LAL,LAL vs. SAC,12/03/2010,W,240,113,47,83,56.6,3,14,21.4,16,22,72.7,7,32,39,27,10,8,11,20,33
LAL,LAL @ HOU,12/01/2010,L,240,99,37,82,45.1,5,16,31.3,20,23,87,12,28,40,20,8,5,12,19,-10
LAL,LAL @ MEM,11/30/2010,L,240,96,34,78,43.6,7,22,31.8,21,25,84,13,29,42,16,5,7,15,23,-2
LAL,LAL vs. IND,11/28/2010,L,240,92,34,88,38.6,7,23,30.4,17,21,81,14,31,45,21,8,5,14,17,-3
LAL,LAL @ UTA,11/26/2010,L,240,96,33,79,41.8,4,15,26.7,26,31,83.9,9,29,38,14,5,2,6,19,-6
LAL,LAL vs. CHI,11/23/2010,W,240,98,32,81,39.5,10,25,40,24,27,88.9,10,28,38,19,9,9,12,18,7
LAL,LAL vs. GSW,11/21/2010,W,240,117,44,79,55.7,9,22,40.9,20,25,80,14,32,46,32,10,11,19,18,28
LAL,LAL @ MIN,11/19/2010,W,240,112,40,85,47.1,10,19,52.6,22,26,84.6,7,39,46,30,10,8,15,22,17
LAL,LAL @ DET,11/17/2010,W,240,103,37,83,44.6,7,16,43.8,22,24,91.7,13,42,55,21,4,2,12,18,13
LAL,LAL @ MIL,11/16/2010,W,240,118,42,78,53.8,10,16,62.5,24,29,82.8,8,32,40,24,9,4,13,20,11
LAL,LAL vs. PHX,11/14/2010,L,240,116,47,96,49,9,23,39.1,13,17,76.5,20,29,49,30,7,3,18,23,-5
LAL,LAL @ DEN,11/11/2010,L,240,112,40,98,40.8,9,29,31,23,30,76.7,18,32,50,19,8,6,10,25,-6
LAL,LAL vs. MIN,11/09/2010,W,240,99,40,89,44.9,7,21,33.3,12,16,75,14,28,42,24,9,3,18,19,5
LAL,LAL vs. POR,11/07/2010,W,240,121,50,91,54.9,8,17,47.1,13,15,86.7,14,35,49,33,6,4,15,26,25
LAL,LAL vs. TOR,11/05/2010,W,240,108,37,77,48.1,7,21,33.3,27,32,84.4,7,24,31,22,12,5,12,20,5
LAL,LAL @ SAC,11/03/2010,W,240,112,39,84,46.4,11,21,52.4,23,28,82.1,7,36,43,24,4,4,6,22,12
LAL,LAL vs. MEM,11/02/2010,W,240,124,43,84,51.2,14,23,60.9,24,30,80,20,39,59,22,8,4,19,23,19
LAL,LAL vs. GSW,10/31/2010,W,240,107,39,88,44.3,6,19,31.6,23,30,76.7,18,38,56,25,9,5,20,18,24
LAL,LAL @ PHX,10/29/2010,W,240,114,46,95,48.4,12,27,44.4,10,12,83.3,13,33,46,21,8,3,11,14,8
LAL,LAL vs. HOU,10/26/2010,W,240,112,40,96,41.7,9,21,42.9,23,28,82.1,14,30,44,21,11,4,12,24,2
LAL,LAL @ LAC,04/14/2010,L,240,91,34,86,39.5,4,11,36.4,19,28,67.9,16,33,49,20,3,2,14,16,-16
LAL,LAL vs. SAC,04/13/2010,W,240,106,41,83,49.4,7,20,35,17,21,81,14,25,39,24,2,5,16,15,6
LAL,LAL vs. POR,04/11/2010,L,240,88,37,87,42.5,5,22,22.7,9,14,64.3,10,31,41,19,5,6,6,18,-3
LAL,LAL @ MIN,04/09/2010,W,240,97,38,86,44.2,7,22,31.8,14,18,77.8,17,29,46,21,9,9,12,15,9
LAL,LAL @ DEN,04/08/2010,L,240,96,30,82,36.6,8,21,38.1,28,33,84.8,17,35,52,16,5,6,11,20,-2
LAL,LAL vs. SAS,04/04/2010,L,240,81,33,81,40.7,5,21,23.8,10,14,71.4,8,26,34,25,6,5,12,21,-19
LAL,LAL vs. UTA,04/02/2010,W,240,106,35,81,43.2,7,20,35,29,37,78.4,10,38,48,25,7,6,9,23,14
LAL,LAL @ ATL,03/31/2010,L,240,92,33,72,45.8,8,20,40,18,26,69.2,8,28,36,17,4,0,12,16,-17
LAL,LAL @ NOH,03/29/2010,L,240,100,38,91,41.8,7,29,24.1,17,22,77.3,19,29,48,18,4,2,9,27,-8
LAL,LAL @ HOU,03/27/2010,W,240,109,42,73,57.5,8,14,57.1,17,24,70.8,8,35,43,21,4,9,16,25,8
LAL,LAL @ OKC,03/26/2010,L,240,75,29,74,39.2,2,15,13.3,15,24,62.5,12,27,39,7,8,3,18,18,-16
LAL,LAL @ SAS,03/24/2010,W,240,92,36,79,45.6,10,20,50,10,17,58.8,10,34,44,15,7,5,13,21,9
LAL,LAL vs. WAS,03/21/2010,W,240,99,36,68,52.9,9,17,52.9,18,22,81.8,10,27,37,25,9,6,18,14,7
LAL,LAL vs. MIN,03/19/2010,W,240,104,34,82,41.5,7,25,28,29,35,82.9,13,34,47,24,13,3,15,17,8
LAL,LAL @ SAC,03/16/2010,W,240,106,42,87,48.3,4,14,28.6,18,28,64.3,14,36,50,23,3,5,10,18,7
LAL,LAL @ GSW,03/15/2010,W,240,124,42,75,56,6,20,30,34,42,81,14,42,56,25,4,8,24,14,3
LAL,LAL @ PHX,03/12/2010,W,240,102,40,81,49.4,9,25,36,13,22,59.1,12,28,40,21,9,6,14,25,6
LAL,LAL vs. TOR,03/09/2010,W,240,109,35,78,44.9,3,15,20,36,44,81.8,12,28,40,19,7,4,9,24,2
LAL,LAL @ ORL,03/07/2010,L,240,94,33,88,37.5,5,17,29.4,23,26,88.5,14,25,39,16,6,6,7,28,-2
LAL,LAL @ CHA,03/05/2010,L,240,83,29,80,36.3,3,18,16.7,22,30,73.3,15,26,41,15,11,3,20,20,-15
LAL,LAL @ MIA,03/04/2010,L,265,111,45,88,51.1,6,23,26.1,15,25,60,13,26,39,15,11,1,16,23,-3
LAL,LAL vs. IND,03/02/2010,W,240,122,45,87,51.7,10,23,43.5,22,24,91.7,10,33,43,33,12,4,13,12,23
LAL,LAL vs. DEN,02/28/2010,W,240,95,36,79,45.6,8,16,50,15,21,71.4,12,35,47,22,16,6,18,19,6
LAL,LAL vs. PHI,02/26/2010,W,240,99,41,91,45.1,5,14,35.7,12,14,85.7,16,31,47,22,4,7,14,11,9
LAL,LAL @ DAL,02/24/2010,L,240,96,38,78,48.7,5,17,29.4,15,16,93.8,7,29,36,19,10,2,17,20,-5
LAL,LAL @ MEM,02/23/2010,W,240,99,37,76,48.7,6,17,35.3,19,26,73.1,7,30,37,19,12,4,17,20,1
LAL,LAL vs. BOS,02/18/2010,L,240,86,33,82,40.2,4,16,25,16,25,64,12,38,50,14,6,8,12,20,-1
LAL,LAL vs. GSW,02/16/2010,W,240,104,38,85,44.7,6,22,27.3,22,31,71,11,42,53,21,8,3,19,20,10
LAL,LAL @ UTA,02/10/2010,W,240,96,36,77,46.8,5,13,38.5,19,24,79.2,9,34,43,19,9,7,18,22,15
LAL,LAL vs. SAS,02/08/2010,W,240,101,38,87,43.7,6,14,42.9,19,26,73.1,12,33,45,20,4,7,10,13,12
LAL,LAL @ POR,02/06/2010,W,240,99,41,84,48.8,8,19,42.1,9,15,60,12,35,47,24,8,2,10,16,17
LAL,LAL vs. DEN,02/05/2010,L,240,113,44,98,44.9,8,26,30.8,17,20,85,18,30,48,17,10,2,12,21,-13
LAL,LAL vs. CHA,02/03/2010,W,240,99,39,84,46.4,6,17,35.3,15,20,75,16,22,38,24,9,4,7,23,2
LAL,LAL @ MEM,02/01/2010,L,240,93,34,73,46.6,8,20,40,17,27,63,5,34,39,17,7,0,15,24,-2
LAL,LAL @ BOS,01/31/2010,W,240,90,35,73,47.9,4,14,28.6,16,22,72.7,8,28,36,17,8,6,16,19,1
LAL,LAL @ PHI,01/29/2010,W,240,99,37,81,45.7,3,15,20,22,27,81.5,9,27,36,18,13,8,10,17,8
LAL,LAL @ IND,01/27/2010,W,240,118,44,97,45.4,5,22,22.7,25,30,83.3,20,42,62,19,8,2,10,14,22
LAL,LAL @ WAS,01/26/2010,W,240,115,44,75,58.7,9,22,40.9,18,22,81.8,4,29,33,23,6,5,9,13,12
LAL,LAL @ TOR,01/24/2010,L,240,105,45,98,45.9,6,19,31.6,9,9,100,16,35,51,19,4,6,13,18,-1
LAL,LAL @ NYK,01/22/2010,W,240,115,39,78,50,12,23,52.2,25,31,80.6,8,32,40,23,2,7,9,18,10
LAL,LAL @ CLE,01/21/2010,L,240,87,32,83,38.6,8,23,34.8,15,24,62.5,15,28,43,18,6,3,8,21,-6
LAL,LAL vs. ORL,01/18/2010,W,240,98,38,89,42.7,6,18,33.3,16,22,72.7,10,34,44,18,8,2,7,16,6
LAL,LAL vs. LAC,01/15/2010,W,240,126,41,82,50,10,22,45.5,34,41,82.9,7,33,40,28,7,7,7,18,40
LAL,LAL @ DAL,01/13/2010,W,240,100,39,80,48.8,3,14,21.4,19,22,86.4,11,38,49,16,2,1,11,14,5
LAL,LAL @ SAS,01/12/2010,L,240,85,34,78,43.6,2,7,28.6,15,16,93.8,9,28,37,13,7,4,14,13,-20
LAL,LAL vs. MIL,01/10/2010,W,240,95,32,80,40,6,14,42.9,25,30,83.3,9,52,61,21,5,7,13,20,18
LAL,LAL @ POR,01/08/2010,L,240,98,41,95,43.2,11,28,39.3,5,10,50,17,21,38,17,5,3,8,24,-9
LAL,LAL @ LAC,01/06/2010,L,240,91,33,86,38.4,7,22,31.8,18,23,78.3,12,32,44,17,9,3,12,18,-11
LAL,LAL vs. HOU,01/05/2010,W,240,88,36,79,45.6,2,10,20,14,18,77.8,13,37,50,20,6,5,20,25,9
LAL,LAL vs. DAL,01/03/2010,W,240,131,52,82,63.4,14,24,58.3,13,16,81.3,6,38,44,33,6,6,12,21,35
LAL,LAL vs. SAC,01/01/2010,W,240,109,39,86,45.3,8,20,40,23,29,79.3,15,28,43,20,3,6,12,15,1
LAL,LAL vs. GSW,12/29/2009,W,240,124,42,87,48.3,8,22,36.4,32,36,88.9,12,30,42,27,7,6,13,19,6
LAL,LAL @ PHX,12/28/2009,L,240,103,40,92,43.5,6,17,35.3,17,22,77.3,13,30,43,13,8,4,11,25,-15
LAL,LAL @ SAC,12/26/2009,W,290,112,43,98,43.9,8,19,42.1,18,25,72,15,40,55,20,10,11,18,23,9
LAL,LAL vs. CLE,12/25/2009,L,240,87,31,85,36.5,5,18,27.8,20,27,74.1,14,29,43,16,6,3,14,21,-15
LAL,LAL vs. OKC,12/22/2009,W,240,111,36,81,44.4,7,18,38.9,32,39,82.1,14,33,47,20,6,11,17,20,3
LAL,LAL @ DET,12/20/2009,W,240,93,34,83,41,5,18,27.8,20,27,74.1,11,32,43,22,15,6,14,19,12
LAL,LAL @ NJN,12/19/2009,W,240,103,43,87,49.4,7,22,31.8,10,13,76.9,11,39,50,29,5,2,12,23,19
LAL,LAL @ MIL,12/16/2009,W,265,107,37,78,47.4,4,16,25,29,33,87.9,6,41,47,18,5,7,17,22,1
LAL,LAL @ CHI,12/15/2009,W,240,96,36,79,45.6,4,20,20,20,25,80,6,31,37,22,9,5,14,15,9
LAL,LAL @ UTA,12/12/2009,L,240,94,37,80,46.3,3,21,14.3,17,24,70.8,13,29,42,16,9,3,17,24,-8
LAL,LAL vs. MIN,12/11/2009,W,240,104,43,95,45.3,8,25,32,10,13,76.9,16,34,50,28,9,6,14,18,12
LAL,LAL vs. UTA,12/09/2009,W,240,101,36,78,46.2,5,16,31.3,24,31,77.4,10,35,45,22,7,6,9,17,24
LAL,LAL vs. PHX,12/06/2009,W,240,108,38,81,46.9,10,21,47.6,22,26,84.6,12,30,42,20,8,3,12,15,20
LAL,LAL vs. MIA,12/04/2009,W,240,108,40,93,43,5,17,29.4,23,28,82.1,18,25,43,19,7,5,8,26,1
LAL,LAL vs. NOH,12/01/2009,W,240,110,38,73,52.1,6,22,27.3,28,33,84.8,2,32,34,26,11,4,17,14,11
LAL,LAL vs. NJN,11/29/2009,W,240,106,40,80,50,13,25,52,13,21,61.9,10,33,43,27,7,8,17,22,19
LAL,LAL @ GSW,11/28/2009,W,240,130,51,94,54.3,11,22,50,17,24,70.8,7,42,49,30,8,7,8,18,33
LAL,LAL vs. NYK,11/24/2009,W,240,100,40,86,46.5,5,21,23.8,15,18,83.3,15,45,60,25,6,3,25,12,10
LAL,LAL vs. OKC,11/22/2009,W,240,101,40,99,40.4,2,14,14.3,19,21,90.5,17,32,49,24,7,4,9,16,16
LAL,LAL vs. CHI,11/19/2009,W,240,108,42,92,45.7,6,19,31.6,18,22,81.8,14,37,51,20,8,4,12,17,15
LAL,LAL vs. DET,11/17/2009,W,240,106,42,89,47.2,4,20,20,18,22,81.8,14,30,44,27,6,3,12,22,13
LAL,LAL vs. HOU,11/15/2009,L,240,91,32,84,38.1,7,23,30.4,20,27,74.1,6,32,38,23,10,10,13,17,-10
LAL,LAL @ DEN,11/13/2009,L,240,79,31,89,34.8,7,25,28,10,16,62.5,16,33,49,19,5,5,18,25,-26
LAL,LAL vs. PHX,11/12/2009,W,240,121,53,92,57.6,8,16,50,7,18,38.9,8,42,50,36,5,7,15,23,19
LAL,LAL vs. NOH,11/08/2009,W,240,104,38,81,46.9,12,27,44.4,16,18,88.9,8,37,45,27,5,7,12,22,16
LAL,LAL vs. MEM,11/06/2009,W,240,114,48,95,50.5,9,17,52.9,9,11,81.8,18,31,49,35,5,6,8,23,16
LAL,LAL @ HOU,11/04/2009,W,265,103,39,93,41.9,5,15,33.3,20,28,71.4,17,31,48,16,11,4,9,20,1
LAL,LAL @ OKC,11/03/2009,W,265,101,38,73,52.1,5,11,45.5,20,28,71.4,7,29,36,19,16,2,26,27,3
LAL,LAL vs. ATL,11/01/2009,W,240,118,46,87,52.9,5,15,33.3,21,25,84,11,31,42,26,14,6,16,20,8
LAL,LAL vs. DAL,10/30/2009,L,240,80,32,81,39.5,7,23,30.4,9,14,64.3,13,27,40,19,7,1,19,29,-14
LAL,LAL vs. LAC,10/27/2009,W,240,99,35,85,41.2,4,17,23.5,25,37,67.6,17,30,47,17,13,4,16,15,7
